year,scenario,project_id,project_name,calc_group,chain,emissions_mtco2e,co2_mt,ch4_derived_co2e_mt,ch4_mass_kt,ch4_gwp_basis,start_year,lifespan_years,lifespan_source,start_was_placeholder,canada_only
2025,inventory_as_reported,lng_canada_phase_1,LNG Canada Terminal,operating,export,12.253499999999999,11.909916666666666,0.34358333333333335,11.529642058165548,29.8,2025,32,Asset Register:authorised_export_end_year=2056 (hard stop; cuts 8y from Asset Register:authorised_export_term_years),False,False
2026,inventory_as_reported,lng_canada_phase_1,LNG Canada Terminal,operating,export,29.4084,28.5838,0.8246,27.671140939597315,29.8,2025,32,Asset Register:authorised_export_end_year=2056 (hard stop; cuts 8y from Asset Register:authorised_export_term_years),False,False
2027,inventory_as_reported,lng_canada_phase_1,LNG Canada Terminal,operating,export,41.6619,40.493716666666664,1.1681833333333334,39.200782997762865,29.8,2025,32,Asset Register:authorised_export_end_year=2056 (hard stop; cuts 8y from Asset Register:authorised_export_term_years),False,False
2028,inventory_as_reported,lng_canada_phase_1,LNG Canada Terminal,operating,export,41.6619,40.493716666666664,1.1681833333333334,39.200782997762865,29.8,2025,32,Asset Register:authorised_export_end_year=2056 (hard stop; cuts 8y from Asset Register:authorised_export_term_years),False,False
2029,inventory_as_reported,lng_canada_phase_1,LNG Canada Terminal,operating,export,41.6619,40.493716666666664,1.1681833333333334,39.200782997762865,29.8,2025,32,Asset Register:authorised_export_end_year=2056 (hard stop; cuts 8y from Asset Register:authorised_export_term_years),False,False
2030,inventory_as_reported,lng_canada_phase_1,LNG Canada Terminal,operating,export,41.6619,40.493716666666664,1.1681833333333334,39.200782997762865,29.8,2025,32,Asset Register:authorised_export_end_year=2056 (hard stop; cuts 8y from Asset Register:authorised_export_term_years),False,False
2031,inventory_as_reported,lng_canada_phase_1,LNG Canada Terminal,operating,export,41.6619,40.493716666666664,1.1681833333333334,39.200782997762865,29.8,2025,32,Asset Register:authorised_export_end_year=2056 (hard stop; cuts 8y from Asset Register:authorised_export_term_years),False,False
2032,inventory_as_reported,lng_canada_phase_1,LNG Canada Terminal,operating,export,41.6619,40.493716666666664,1.1681833333333334,39.200782997762865,29.8,2025,32,Asset Register:authorised_export_end_year=2056 (hard stop; cuts 8y from Asset Register:authorised_export_term_years),False,False
2033,inventory_as_reported,lng_canada_phase_1,LNG Canada Terminal,operating,export,41.6619,40.493716666666664,1.1681833333333334,39.200782997762865,29.8,2025,32,Asset Register:authorised_export_end_year=2056 (hard stop; cuts 8y from Asset Register:authorised_export_term_years),False,False
2034,inventory_as_reported,lng_canada_phase_1,LNG Canada Terminal,operating,export,41.6619,40.493716666666664,1.1681833333333334,39.200782997762865,29.8,2025,32,Asset Register:authorised_export_end_year=2056 (hard stop; cuts 8y from Asset Register:authorised_export_term_years),False,False
2035,inventory_as_reported,lng_canada_phase_1,LNG Canada Terminal,operating,export,41.6619,40.493716666666664,1.1681833333333334,39.200782997762865,29.8,2025,32,Asset Register:authorised_export_end_year=2056 (hard stop; cuts 8y from Asset Register:authorised_export_term_years),False,False
2036,inventory_as_reported,lng_canada_phase_1,LNG Canada Terminal,operating,export,41.6619,40.493716666666664,1.1681833333333334,39.200782997762865,29.8,2025,32,Asset Register:authorised_export_end_year=2056 (hard stop; cuts 8y from Asset Register:authorised_export_term_years),False,False
2037,inventory_as_reported,lng_canada_phase_1,LNG Canada Terminal,operating,export,41.6619,40.493716666666664,1.1681833333333334,39.200782997762865,29.8,2025,32,Asset Register:authorised_export_end_year=2056 (hard stop; cuts 8y from Asset Register:authorised_export_term_years),False,False
2038,inventory_as_reported,lng_canada_phase_1,LNG Canada Terminal,operating,export,41.6619,40.493716666666664,1.1681833333333334,39.200782997762865,29.8,2025,32,Asset Register:authorised_export_end_year=2056 (hard stop; cuts 8y from Asset Register:authorised_export_term_years),False,False
2039,inventory_as_reported,lng_canada_phase_1,LNG Canada Terminal,operating,export,41.6619,40.493716666666664,1.1681833333333334,39.200782997762865,29.8,2025,32,Asset Register:authorised_export_end_year=2056 (hard stop; cuts 8y from Asset Register:authorised_export_term_years),False,False
2040,inventory_as_reported,lng_canada_phase_1,LNG Canada Terminal,operating,export,41.6619,40.493716666666664,1.1681833333333334,39.200782997762865,29.8,2025,32,Asset Register:authorised_export_end_year=2056 (hard stop; cuts 8y from Asset Register:authorised_export_term_years),False,False
2041,inventory_as_reported,lng_canada_phase_1,LNG Canada Terminal,operating,export,41.6619,40.493716666666664,1.1681833333333334,39.200782997762865,29.8,2025,32,Asset Register:authorised_export_end_year=2056 (hard stop; cuts 8y from Asset Register:authorised_export_term_years),False,False
2042,inventory_as_reported,lng_canada_phase_1,LNG Canada Terminal,operating,export,41.6619,40.493716666666664,1.1681833333333334,39.200782997762865,29.8,2025,32,Asset Register:authorised_export_end_year=2056 (hard stop; cuts 8y from Asset Register:authorised_export_term_years),False,False
2043,inventory_as_reported,lng_canada_phase_1,LNG Canada Terminal,operating,export,41.6619,40.493716666666664,1.1681833333333334,39.200782997762865,29.8,2025,32,Asset Register:authorised_export_end_year=2056 (hard stop; cuts 8y from Asset Register:authorised_export_term_years),False,False
2044,inventory_as_reported,lng_canada_phase_1,LNG Canada Terminal,operating,export,41.6619,40.493716666666664,1.1681833333333334,39.200782997762865,29.8,2025,32,Asset Register:authorised_export_end_year=2056 (hard stop; cuts 8y from Asset Register:authorised_export_term_years),False,False
2045,inventory_as_reported,lng_canada_phase_1,LNG Canada Terminal,operating,export,41.6619,40.493716666666664,1.1681833333333334,39.200782997762865,29.8,2025,32,Asset Register:authorised_export_end_year=2056 (hard stop; cuts 8y from Asset Register:authorised_export_term_years),False,False
2046,inventory_as_reported,lng_canada_phase_1,LNG Canada Terminal,operating,export,41.6619,40.493716666666664,1.1681833333333334,39.200782997762865,29.8,2025,32,Asset Register:authorised_export_end_year=2056 (hard stop; cuts 8y from Asset Register:authorised_export_term_years),False,False
2047,inventory_as_reported,lng_canada_phase_1,LNG Canada Terminal,operating,export,41.6619,40.493716666666664,1.1681833333333334,39.200782997762865,29.8,2025,32,Asset Register:authorised_export_end_year=2056 (hard stop; cuts 8y from Asset Register:authorised_export_term_years),False,False
2048,inventory_as_reported,lng_canada_phase_1,LNG Canada Terminal,operating,export,41.6619,40.493716666666664,1.1681833333333334,39.200782997762865,29.8,2025,32,Asset Register:authorised_export_end_year=2056 (hard stop; cuts 8y from Asset Register:authorised_export_term_years),False,False
2049,inventory_as_reported,lng_canada_phase_1,LNG Canada Terminal,operating,export,41.6619,40.493716666666664,1.1681833333333334,39.200782997762865,29.8,2025,32,Asset Register:authorised_export_end_year=2056 (hard stop; cuts 8y from Asset Register:authorised_export_term_years),False,False
2050,inventory_as_reported,lng_canada_phase_1,LNG Canada Terminal,operating,export,41.6619,40.493716666666664,1.1681833333333334,39.200782997762865,29.8,2025,32,Asset Register:authorised_export_end_year=2056 (hard stop; cuts 8y from Asset Register:authorised_export_term_years),False,False
2051,inventory_as_reported,lng_canada_phase_1,LNG Canada Terminal,operating,export,41.6619,40.493716666666664,1.1681833333333334,39.200782997762865,29.8,2025,32,Asset Register:authorised_export_end_year=2056 (hard stop; cuts 8y from Asset Register:authorised_export_term_years),False,False
2052,inventory_as_reported,lng_canada_phase_1,LNG Canada Terminal,operating,export,41.6619,40.493716666666664,1.1681833333333334,39.200782997762865,29.8,2025,32,Asset Register:authorised_export_end_year=2056 (hard stop; cuts 8y from Asset Register:authorised_export_term_years),False,False
2053,inventory_as_reported,lng_canada_phase_1,LNG Canada Terminal,operating,export,41.6619,40.493716666666664,1.1681833333333334,39.200782997762865,29.8,2025,32,Asset Register:authorised_export_end_year=2056 (hard stop; cuts 8y from Asset Register:authorised_export_term_years),False,False
2054,inventory_as_reported,lng_canada_phase_1,LNG Canada Terminal,operating,export,41.6619,40.493716666666664,1.1681833333333334,39.200782997762865,29.8,2025,32,Asset Register:authorised_export_end_year=2056 (hard stop; cuts 8y from Asset Register:authorised_export_term_years),False,False
2055,inventory_as_reported,lng_canada_phase_1,LNG Canada Terminal,operating,export,41.6619,40.493716666666664,1.1681833333333334,39.200782997762865,29.8,2025,32,Asset Register:authorised_export_end_year=2056 (hard stop; cuts 8y from Asset Register:authorised_export_term_years),False,False
2056,inventory_as_reported,lng_canada_phase_1,LNG Canada Terminal,operating,export,41.6619,40.493716666666664,1.1681833333333334,39.200782997762865,29.8,2025,32,Asset Register:authorised_export_end_year=2056 (hard stop; cuts 8y from Asset Register:authorised_export_term_years),False,False
2028,inventory_as_reported,cedar_lng,Cedar FLNG Terminal,under_construction,export,5.2515,5.1042499999999995,0.14725,4.941275167785235,29.8,2028,39,Asset Register:authorised_export_end_year=2066 (hard stop; cuts 1y from Asset Register:authorised_export_term_years),False,False
2029,inventory_as_reported,cedar_lng,Cedar FLNG Terminal,under_construction,export,9.190125,8.932437499999999,0.2576875,8.64723154362416,29.8,2028,39,Asset Register:authorised_export_end_year=2066 (hard stop; cuts 1y from Asset Register:authorised_export_term_years),False,False
2030,inventory_as_reported,cedar_lng,Cedar FLNG Terminal,under_construction,export,11.01502125,10.706164375,0.30885687500000003,10.364324664429532,29.8,2028,39,Asset Register:authorised_export_end_year=2066 (hard stop; cuts 1y from Asset Register:authorised_export_term_years),False,False
2031,inventory_as_reported,cedar_lng,Cedar FLNG Terminal,under_construction,export,11.01502125,10.706164375,0.30885687500000003,10.364324664429532,29.8,2028,39,Asset Register:authorised_export_end_year=2066 (hard stop; cuts 1y from Asset Register:authorised_export_term_years),False,False
2032,inventory_as_reported,cedar_lng,Cedar FLNG Terminal,under_construction,export,11.01502125,10.706164375,0.30885687500000003,10.364324664429532,29.8,2028,39,Asset Register:authorised_export_end_year=2066 (hard stop; cuts 1y from Asset Register:authorised_export_term_years),False,False
2033,inventory_as_reported,cedar_lng,Cedar FLNG Terminal,under_construction,export,11.01502125,10.706164375,0.30885687500000003,10.364324664429532,29.8,2028,39,Asset Register:authorised_export_end_year=2066 (hard stop; cuts 1y from Asset Register:authorised_export_term_years),False,False
2034,inventory_as_reported,cedar_lng,Cedar FLNG Terminal,under_construction,export,11.01502125,10.706164375,0.30885687500000003,10.364324664429532,29.8,2028,39,Asset Register:authorised_export_end_year=2066 (hard stop; cuts 1y from Asset Register:authorised_export_term_years),False,False
2035,inventory_as_reported,cedar_lng,Cedar FLNG Terminal,under_construction,export,11.01502125,10.706164375,0.30885687500000003,10.364324664429532,29.8,2028,39,Asset Register:authorised_export_end_year=2066 (hard stop; cuts 1y from Asset Register:authorised_export_term_years),False,False
2036,inventory_as_reported,cedar_lng,Cedar FLNG Terminal,under_construction,export,11.01502125,10.706164375,0.30885687500000003,10.364324664429532,29.8,2028,39,Asset Register:authorised_export_end_year=2066 (hard stop; cuts 1y from Asset Register:authorised_export_term_years),False,False
2037,inventory_as_reported,cedar_lng,Cedar FLNG Terminal,under_construction,export,11.01502125,10.706164375,0.30885687500000003,10.364324664429532,29.8,2028,39,Asset Register:authorised_export_end_year=2066 (hard stop; cuts 1y from Asset Register:authorised_export_term_years),False,False
2038,inventory_as_reported,cedar_lng,Cedar FLNG Terminal,under_construction,export,11.01502125,10.706164375,0.30885687500000003,10.364324664429532,29.8,2028,39,Asset Register:authorised_export_end_year=2066 (hard stop; cuts 1y from Asset Register:authorised_export_term_years),False,False
2039,inventory_as_reported,cedar_lng,Cedar FLNG Terminal,under_construction,export,11.01502125,10.706164375,0.30885687500000003,10.364324664429532,29.8,2028,39,Asset Register:authorised_export_end_year=2066 (hard stop; cuts 1y from Asset Register:authorised_export_term_years),False,False
2040,inventory_as_reported,cedar_lng,Cedar FLNG Terminal,under_construction,export,11.01502125,10.706164375,0.30885687500000003,10.364324664429532,29.8,2028,39,Asset Register:authorised_export_end_year=2066 (hard stop; cuts 1y from Asset Register:authorised_export_term_years),False,False
2041,inventory_as_reported,cedar_lng,Cedar FLNG Terminal,under_construction,export,11.01502125,10.706164375,0.30885687500000003,10.364324664429532,29.8,2028,39,Asset Register:authorised_export_end_year=2066 (hard stop; cuts 1y from Asset Register:authorised_export_term_years),False,False
2042,inventory_as_reported,cedar_lng,Cedar FLNG Terminal,under_construction,export,11.01502125,10.706164375,0.30885687500000003,10.364324664429532,29.8,2028,39,Asset Register:authorised_export_end_year=2066 (hard stop; cuts 1y from Asset Register:authorised_export_term_years),False,False
2043,inventory_as_reported,cedar_lng,Cedar FLNG Terminal,under_construction,export,11.01502125,10.706164375,0.30885687500000003,10.364324664429532,29.8,2028,39,Asset Register:authorised_export_end_year=2066 (hard stop; cuts 1y from Asset Register:authorised_export_term_years),False,False
2044,inventory_as_reported,cedar_lng,Cedar FLNG Terminal,under_construction,export,11.01502125,10.706164375,0.30885687500000003,10.364324664429532,29.8,2028,39,Asset Register:authorised_export_end_year=2066 (hard stop; cuts 1y from Asset Register:authorised_export_term_years),False,False
2045,inventory_as_reported,cedar_lng,Cedar FLNG Terminal,under_construction,export,11.01502125,10.706164375,0.30885687500000003,10.364324664429532,29.8,2028,39,Asset Register:authorised_export_end_year=2066 (hard stop; cuts 1y from Asset Register:authorised_export_term_years),False,False
2046,inventory_as_reported,cedar_lng,Cedar FLNG Terminal,under_construction,export,11.01502125,10.706164375,0.30885687500000003,10.364324664429532,29.8,2028,39,Asset Register:authorised_export_end_year=2066 (hard stop; cuts 1y from Asset Register:authorised_export_term_years),False,False
2047,inventory_as_reported,cedar_lng,Cedar FLNG Terminal,under_construction,export,11.01502125,10.706164375,0.30885687500000003,10.364324664429532,29.8,2028,39,Asset Register:authorised_export_end_year=2066 (hard stop; cuts 1y from Asset Register:authorised_export_term_years),False,False
2048,inventory_as_reported,cedar_lng,Cedar FLNG Terminal,under_construction,export,11.01502125,10.706164375,0.30885687500000003,10.364324664429532,29.8,2028,39,Asset Register:authorised_export_end_year=2066 (hard stop; cuts 1y from Asset Register:authorised_export_term_years),False,False
2049,inventory_as_reported,cedar_lng,Cedar FLNG Terminal,under_construction,export,11.01502125,10.706164375,0.30885687500000003,10.364324664429532,29.8,2028,39,Asset Register:authorised_export_end_year=2066 (hard stop; cuts 1y from Asset Register:authorised_export_term_years),False,False
2050,inventory_as_reported,cedar_lng,Cedar FLNG Terminal,under_construction,export,11.01502125,10.706164375,0.30885687500000003,10.364324664429532,29.8,2028,39,Asset Register:authorised_export_end_year=2066 (hard stop; cuts 1y from Asset Register:authorised_export_term_years),False,False
2051,inventory_as_reported,cedar_lng,Cedar FLNG Terminal,under_construction,export,11.01502125,10.706164375,0.30885687500000003,10.364324664429532,29.8,2028,39,Asset Register:authorised_export_end_year=2066 (hard stop; cuts 1y from Asset Register:authorised_export_term_years),False,False
2052,inventory_as_reported,cedar_lng,Cedar FLNG Terminal,under_construction,export,11.01502125,10.706164375,0.30885687500000003,10.364324664429532,29.8,2028,39,Asset Register:authorised_export_end_year=2066 (hard stop; cuts 1y from Asset Register:authorised_export_term_years),False,False
2053,inventory_as_reported,cedar_lng,Cedar FLNG Terminal,under_construction,export,11.01502125,10.706164375,0.30885687500000003,10.364324664429532,29.8,2028,39,Asset Register:authorised_export_end_year=2066 (hard stop; cuts 1y from Asset Register:authorised_export_term_years),False,False
2054,inventory_as_reported,cedar_lng,Cedar FLNG Terminal,under_construction,export,11.01502125,10.706164375,0.30885687500000003,10.364324664429532,29.8,2028,39,Asset Register:authorised_export_end_year=2066 (hard stop; cuts 1y from Asset Register:authorised_export_term_years),False,False
2055,inventory_as_reported,cedar_lng,Cedar FLNG Terminal,under_construction,export,11.01502125,10.706164375,0.30885687500000003,10.364324664429532,29.8,2028,39,Asset Register:authorised_export_end_year=2066 (hard stop; cuts 1y from Asset Register:authorised_export_term_years),False,False
2056,inventory_as_reported,cedar_lng,Cedar FLNG Terminal,under_construction,export,11.01502125,10.706164375,0.30885687500000003,10.364324664429532,29.8,2028,39,Asset Register:authorised_export_end_year=2066 (hard stop; cuts 1y from Asset Register:authorised_export_term_years),False,False
2057,inventory_as_reported,cedar_lng,Cedar FLNG Terminal,under_construction,export,11.01502125,10.706164375,0.30885687500000003,10.364324664429532,29.8,2028,39,Asset Register:authorised_export_end_year=2066 (hard stop; cuts 1y from Asset Register:authorised_export_term_years),False,False
2058,inventory_as_reported,cedar_lng,Cedar FLNG Terminal,under_construction,export,11.01502125,10.706164375,0.30885687500000003,10.364324664429532,29.8,2028,39,Asset Register:authorised_export_end_year=2066 (hard stop; cuts 1y from Asset Register:authorised_export_term_years),False,False
2059,inventory_as_reported,cedar_lng,Cedar FLNG Terminal,under_construction,export,11.01502125,10.706164375,0.30885687500000003,10.364324664429532,29.8,2028,39,Asset Register:authorised_export_end_year=2066 (hard stop; cuts 1y from Asset Register:authorised_export_term_years),False,False
2060,inventory_as_reported,cedar_lng,Cedar FLNG Terminal,under_construction,export,11.01502125,10.706164375,0.30885687500000003,10.364324664429532,29.8,2028,39,Asset Register:authorised_export_end_year=2066 (hard stop; cuts 1y from Asset Register:authorised_export_term_years),False,False
2061,inventory_as_reported,cedar_lng,Cedar FLNG Terminal,under_construction,export,11.01502125,10.706164375,0.30885687500000003,10.364324664429532,29.8,2028,39,Asset Register:authorised_export_end_year=2066 (hard stop; cuts 1y from Asset Register:authorised_export_term_years),False,False
2062,inventory_as_reported,cedar_lng,Cedar FLNG Terminal,under_construction,export,11.01502125,10.706164375,0.30885687500000003,10.364324664429532,29.8,2028,39,Asset Register:authorised_export_end_year=2066 (hard stop; cuts 1y from Asset Register:authorised_export_term_years),False,False
2063,inventory_as_reported,cedar_lng,Cedar FLNG Terminal,under_construction,export,11.01502125,10.706164375,0.30885687500000003,10.364324664429532,29.8,2028,39,Asset Register:authorised_export_end_year=2066 (hard stop; cuts 1y from Asset Register:authorised_export_term_years),False,False
2064,inventory_as_reported,cedar_lng,Cedar FLNG Terminal,under_construction,export,11.01502125,10.706164375,0.30885687500000003,10.364324664429532,29.8,2028,39,Asset Register:authorised_export_end_year=2066 (hard stop; cuts 1y from Asset Register:authorised_export_term_years),False,False
2065,inventory_as_reported,cedar_lng,Cedar FLNG Terminal,under_construction,export,11.01502125,10.706164375,0.30885687500000003,10.364324664429532,29.8,2028,39,Asset Register:authorised_export_end_year=2066 (hard stop; cuts 1y from Asset Register:authorised_export_term_years),False,False
2066,inventory_as_reported,cedar_lng,Cedar FLNG Terminal,under_construction,export,11.01502125,10.706164375,0.30885687500000003,10.364324664429532,29.8,2028,39,Asset Register:authorised_export_end_year=2066 (hard stop; cuts 1y from Asset Register:authorised_export_term_years),False,False
2027,inventory_as_reported,woodfibre_lng,Woodfibre LNG Terminal,under_construction,export,2.9408399999999997,2.85838,0.08245999999999999,2.7671140939597314,29.8,2027,31,Asset Register:authorised_export_end_year=2057 (hard stop; cuts 9y from Asset Register:authorised_export_term_years),False,False
2028,inventory_as_reported,woodfibre_lng,Woodfibre LNG Terminal,under_construction,export,5.14647,5.002165,0.144305,4.84244966442953,29.8,2027,31,Asset Register:authorised_export_end_year=2057 (hard stop; cuts 9y from Asset Register:authorised_export_term_years),False,False
2029,inventory_as_reported,woodfibre_lng,Woodfibre LNG Terminal,under_construction,export,6.1684119,5.99545205,0.17295985,5.804021812080537,29.8,2027,31,Asset Register:authorised_export_end_year=2057 (hard stop; cuts 9y from Asset Register:authorised_export_term_years),False,False
2030,inventory_as_reported,woodfibre_lng,Woodfibre LNG Terminal,under_construction,export,6.1684119,5.99545205,0.17295985,5.804021812080537,29.8,2027,31,Asset Register:authorised_export_end_year=2057 (hard stop; cuts 9y from Asset Register:authorised_export_term_years),False,False
2031,inventory_as_reported,woodfibre_lng,Woodfibre LNG Terminal,under_construction,export,6.1684119,5.99545205,0.17295985,5.804021812080537,29.8,2027,31,Asset Register:authorised_export_end_year=2057 (hard stop; cuts 9y from Asset Register:authorised_export_term_years),False,False
2032,inventory_as_reported,woodfibre_lng,Woodfibre LNG Terminal,under_construction,export,6.1684119,5.99545205,0.17295985,5.804021812080537,29.8,2027,31,Asset Register:authorised_export_end_year=2057 (hard stop; cuts 9y from Asset Register:authorised_export_term_years),False,False
2033,inventory_as_reported,woodfibre_lng,Woodfibre LNG Terminal,under_construction,export,6.1684119,5.99545205,0.17295985,5.804021812080537,29.8,2027,31,Asset Register:authorised_export_end_year=2057 (hard stop; cuts 9y from Asset Register:authorised_export_term_years),False,False
2034,inventory_as_reported,woodfibre_lng,Woodfibre LNG Terminal,under_construction,export,6.1684119,5.99545205,0.17295985,5.804021812080537,29.8,2027,31,Asset Register:authorised_export_end_year=2057 (hard stop; cuts 9y from Asset Register:authorised_export_term_years),False,False
2035,inventory_as_reported,woodfibre_lng,Woodfibre LNG Terminal,under_construction,export,6.1684119,5.99545205,0.17295985,5.804021812080537,29.8,2027,31,Asset Register:authorised_export_end_year=2057 (hard stop; cuts 9y from Asset Register:authorised_export_term_years),False,False
2036,inventory_as_reported,woodfibre_lng,Woodfibre LNG Terminal,under_construction,export,6.1684119,5.99545205,0.17295985,5.804021812080537,29.8,2027,31,Asset Register:authorised_export_end_year=2057 (hard stop; cuts 9y from Asset Register:authorised_export_term_years),False,False
2037,inventory_as_reported,woodfibre_lng,Woodfibre LNG Terminal,under_construction,export,6.1684119,5.99545205,0.17295985,5.804021812080537,29.8,2027,31,Asset Register:authorised_export_end_year=2057 (hard stop; cuts 9y from Asset Register:authorised_export_term_years),False,False
2038,inventory_as_reported,woodfibre_lng,Woodfibre LNG Terminal,under_construction,export,6.1684119,5.99545205,0.17295985,5.804021812080537,29.8,2027,31,Asset Register:authorised_export_end_year=2057 (hard stop; cuts 9y from Asset Register:authorised_export_term_years),False,False
2039,inventory_as_reported,woodfibre_lng,Woodfibre LNG Terminal,under_construction,export,6.1684119,5.99545205,0.17295985,5.804021812080537,29.8,2027,31,Asset Register:authorised_export_end_year=2057 (hard stop; cuts 9y from Asset Register:authorised_export_term_years),False,False
2040,inventory_as_reported,woodfibre_lng,Woodfibre LNG Terminal,under_construction,export,6.1684119,5.99545205,0.17295985,5.804021812080537,29.8,2027,31,Asset Register:authorised_export_end_year=2057 (hard stop; cuts 9y from Asset Register:authorised_export_term_years),False,False
2041,inventory_as_reported,woodfibre_lng,Woodfibre LNG Terminal,under_construction,export,6.1684119,5.99545205,0.17295985,5.804021812080537,29.8,2027,31,Asset Register:authorised_export_end_year=2057 (hard stop; cuts 9y from Asset Register:authorised_export_term_years),False,False
2042,inventory_as_reported,woodfibre_lng,Woodfibre LNG Terminal,under_construction,export,6.1684119,5.99545205,0.17295985,5.804021812080537,29.8,2027,31,Asset Register:authorised_export_end_year=2057 (hard stop; cuts 9y from Asset Register:authorised_export_term_years),False,False
2043,inventory_as_reported,woodfibre_lng,Woodfibre LNG Terminal,under_construction,export,6.1684119,5.99545205,0.17295985,5.804021812080537,29.8,2027,31,Asset Register:authorised_export_end_year=2057 (hard stop; cuts 9y from Asset Register:authorised_export_term_years),False,False
2044,inventory_as_reported,woodfibre_lng,Woodfibre LNG Terminal,under_construction,export,6.1684119,5.99545205,0.17295985,5.804021812080537,29.8,2027,31,Asset Register:authorised_export_end_year=2057 (hard stop; cuts 9y from Asset Register:authorised_export_term_years),False,False
2045,inventory_as_reported,woodfibre_lng,Woodfibre LNG Terminal,under_construction,export,6.1684119,5.99545205,0.17295985,5.804021812080537,29.8,2027,31,Asset Register:authorised_export_end_year=2057 (hard stop; cuts 9y from Asset Register:authorised_export_term_years),False,False
2046,inventory_as_reported,woodfibre_lng,Woodfibre LNG Terminal,under_construction,export,6.1684119,5.99545205,0.17295985,5.804021812080537,29.8,2027,31,Asset Register:authorised_export_end_year=2057 (hard stop; cuts 9y from Asset Register:authorised_export_term_years),False,False
2047,inventory_as_reported,woodfibre_lng,Woodfibre LNG Terminal,under_construction,export,6.1684119,5.99545205,0.17295985,5.804021812080537,29.8,2027,31,Asset Register:authorised_export_end_year=2057 (hard stop; cuts 9y from Asset Register:authorised_export_term_years),False,False
2048,inventory_as_reported,woodfibre_lng,Woodfibre LNG Terminal,under_construction,export,6.1684119,5.99545205,0.17295985,5.804021812080537,29.8,2027,31,Asset Register:authorised_export_end_year=2057 (hard stop; cuts 9y from Asset Register:authorised_export_term_years),False,False
2049,inventory_as_reported,woodfibre_lng,Woodfibre LNG Terminal,under_construction,export,6.1684119,5.99545205,0.17295985,5.804021812080537,29.8,2027,31,Asset Register:authorised_export_end_year=2057 (hard stop; cuts 9y from Asset Register:authorised_export_term_years),False,False
2050,inventory_as_reported,woodfibre_lng,Woodfibre LNG Terminal,under_construction,export,6.1684119,5.99545205,0.17295985,5.804021812080537,29.8,2027,31,Asset Register:authorised_export_end_year=2057 (hard stop; cuts 9y from Asset Register:authorised_export_term_years),False,False
2051,inventory_as_reported,woodfibre_lng,Woodfibre LNG Terminal,under_construction,export,6.1684119,5.99545205,0.17295985,5.804021812080537,29.8,2027,31,Asset Register:authorised_export_end_year=2057 (hard stop; cuts 9y from Asset Register:authorised_export_term_years),False,False
2052,inventory_as_reported,woodfibre_lng,Woodfibre LNG Terminal,under_construction,export,6.1684119,5.99545205,0.17295985,5.804021812080537,29.8,2027,31,Asset Register:authorised_export_end_year=2057 (hard stop; cuts 9y from Asset Register:authorised_export_term_years),False,False
2053,inventory_as_reported,woodfibre_lng,Woodfibre LNG Terminal,under_construction,export,6.1684119,5.99545205,0.17295985,5.804021812080537,29.8,2027,31,Asset Register:authorised_export_end_year=2057 (hard stop; cuts 9y from Asset Register:authorised_export_term_years),False,False
2054,inventory_as_reported,woodfibre_lng,Woodfibre LNG Terminal,under_construction,export,6.1684119,5.99545205,0.17295985,5.804021812080537,29.8,2027,31,Asset Register:authorised_export_end_year=2057 (hard stop; cuts 9y from Asset Register:authorised_export_term_years),False,False
2055,inventory_as_reported,woodfibre_lng,Woodfibre LNG Terminal,under_construction,export,6.1684119,5.99545205,0.17295985,5.804021812080537,29.8,2027,31,Asset Register:authorised_export_end_year=2057 (hard stop; cuts 9y from Asset Register:authorised_export_term_years),False,False
2056,inventory_as_reported,woodfibre_lng,Woodfibre LNG Terminal,under_construction,export,6.1684119,5.99545205,0.17295985,5.804021812080537,29.8,2027,31,Asset Register:authorised_export_end_year=2057 (hard stop; cuts 9y from Asset Register:authorised_export_term_years),False,False
2057,inventory_as_reported,woodfibre_lng,Woodfibre LNG Terminal,under_construction,export,6.1684119,5.99545205,0.17295985,5.804021812080537,29.8,2027,31,Asset Register:authorised_export_end_year=2057 (hard stop; cuts 9y from Asset Register:authorised_export_term_years),False,False
2031,inventory_as_reported,lng_canada_phase_2,LNG Canada Terminal,under_construction,export,19.6056,19.055866666666663,0.5497333333333333,18.447427293064877,29.8,2031,26,Asset Register:authorised_export_end_year=2056 (hard stop; cuts 14y from Asset Register:authorised_export_term_years),False,False
2032,inventory_as_reported,lng_canada_phase_2,LNG Canada Terminal,under_construction,export,34.3098,33.347766666666665,0.9620333333333334,32.28299776286354,29.8,2031,26,Asset Register:authorised_export_end_year=2056 (hard stop; cuts 14y from Asset Register:authorised_export_term_years),False,False
2033,inventory_as_reported,lng_canada_phase_2,LNG Canada Terminal,under_construction,export,41.122746,39.96968033333333,1.1530656666666668,38.69347874720358,29.8,2031,26,Asset Register:authorised_export_end_year=2056 (hard stop; cuts 14y from Asset Register:authorised_export_term_years),False,False
2034,inventory_as_reported,lng_canada_phase_2,LNG Canada Terminal,under_construction,export,41.122746,39.96968033333333,1.1530656666666668,38.69347874720358,29.8,2031,26,Asset Register:authorised_export_end_year=2056 (hard stop; cuts 14y from Asset Register:authorised_export_term_years),False,False
2035,inventory_as_reported,lng_canada_phase_2,LNG Canada Terminal,under_construction,export,41.122746,39.96968033333333,1.1530656666666668,38.69347874720358,29.8,2031,26,Asset Register:authorised_export_end_year=2056 (hard stop; cuts 14y from Asset Register:authorised_export_term_years),False,False
2036,inventory_as_reported,lng_canada_phase_2,LNG Canada Terminal,under_construction,export,41.122746,39.96968033333333,1.1530656666666668,38.69347874720358,29.8,2031,26,Asset Register:authorised_export_end_year=2056 (hard stop; cuts 14y from Asset Register:authorised_export_term_years),False,False
2037,inventory_as_reported,lng_canada_phase_2,LNG Canada Terminal,under_construction,export,41.122746,39.96968033333333,1.1530656666666668,38.69347874720358,29.8,2031,26,Asset Register:authorised_export_end_year=2056 (hard stop; cuts 14y from Asset Register:authorised_export_term_years),False,False
2038,inventory_as_reported,lng_canada_phase_2,LNG Canada Terminal,under_construction,export,41.122746,39.96968033333333,1.1530656666666668,38.69347874720358,29.8,2031,26,Asset Register:authorised_export_end_year=2056 (hard stop; cuts 14y from Asset Register:authorised_export_term_years),False,False
2039,inventory_as_reported,lng_canada_phase_2,LNG Canada Terminal,under_construction,export,41.122746,39.96968033333333,1.1530656666666668,38.69347874720358,29.8,2031,26,Asset Register:authorised_export_end_year=2056 (hard stop; cuts 14y from Asset Register:authorised_export_term_years),False,False
2040,inventory_as_reported,lng_canada_phase_2,LNG Canada Terminal,under_construction,export,41.122746,39.96968033333333,1.1530656666666668,38.69347874720358,29.8,2031,26,Asset Register:authorised_export_end_year=2056 (hard stop; cuts 14y from Asset Register:authorised_export_term_years),False,False
2041,inventory_as_reported,lng_canada_phase_2,LNG Canada Terminal,under_construction,export,41.122746,39.96968033333333,1.1530656666666668,38.69347874720358,29.8,2031,26,Asset Register:authorised_export_end_year=2056 (hard stop; cuts 14y from Asset Register:authorised_export_term_years),False,False
2042,inventory_as_reported,lng_canada_phase_2,LNG Canada Terminal,under_construction,export,41.122746,39.96968033333333,1.1530656666666668,38.69347874720358,29.8,2031,26,Asset Register:authorised_export_end_year=2056 (hard stop; cuts 14y from Asset Register:authorised_export_term_years),False,False
2043,inventory_as_reported,lng_canada_phase_2,LNG Canada Terminal,under_construction,export,41.122746,39.96968033333333,1.1530656666666668,38.69347874720358,29.8,2031,26,Asset Register:authorised_export_end_year=2056 (hard stop; cuts 14y from Asset Register:authorised_export_term_years),False,False
2044,inventory_as_reported,lng_canada_phase_2,LNG Canada Terminal,under_construction,export,41.122746,39.96968033333333,1.1530656666666668,38.69347874720358,29.8,2031,26,Asset Register:authorised_export_end_year=2056 (hard stop; cuts 14y from Asset Register:authorised_export_term_years),False,False
2045,inventory_as_reported,lng_canada_phase_2,LNG Canada Terminal,under_construction,export,41.122746,39.96968033333333,1.1530656666666668,38.69347874720358,29.8,2031,26,Asset Register:authorised_export_end_year=2056 (hard stop; cuts 14y from Asset Register:authorised_export_term_years),False,False
2046,inventory_as_reported,lng_canada_phase_2,LNG Canada Terminal,under_construction,export,41.122746,39.96968033333333,1.1530656666666668,38.69347874720358,29.8,2031,26,Asset Register:authorised_export_end_year=2056 (hard stop; cuts 14y from Asset Register:authorised_export_term_years),False,False
2047,inventory_as_reported,lng_canada_phase_2,LNG Canada Terminal,under_construction,export,41.122746,39.96968033333333,1.1530656666666668,38.69347874720358,29.8,2031,26,Asset Register:authorised_export_end_year=2056 (hard stop; cuts 14y from Asset Register:authorised_export_term_years),False,False
2048,inventory_as_reported,lng_canada_phase_2,LNG Canada Terminal,under_construction,export,41.122746,39.96968033333333,1.1530656666666668,38.69347874720358,29.8,2031,26,Asset Register:authorised_export_end_year=2056 (hard stop; cuts 14y from Asset Register:authorised_export_term_years),False,False
2049,inventory_as_reported,lng_canada_phase_2,LNG Canada Terminal,under_construction,export,41.122746,39.96968033333333,1.1530656666666668,38.69347874720358,29.8,2031,26,Asset Register:authorised_export_end_year=2056 (hard stop; cuts 14y from Asset Register:authorised_export_term_years),False,False
2050,inventory_as_reported,lng_canada_phase_2,LNG Canada Terminal,under_construction,export,41.122746,39.96968033333333,1.1530656666666668,38.69347874720358,29.8,2031,26,Asset Register:authorised_export_end_year=2056 (hard stop; cuts 14y from Asset Register:authorised_export_term_years),False,False
2051,inventory_as_reported,lng_canada_phase_2,LNG Canada Terminal,under_construction,export,41.122746,39.96968033333333,1.1530656666666668,38.69347874720358,29.8,2031,26,Asset Register:authorised_export_end_year=2056 (hard stop; cuts 14y from Asset Register:authorised_export_term_years),False,False
2052,inventory_as_reported,lng_canada_phase_2,LNG Canada Terminal,under_construction,export,41.122746,39.96968033333333,1.1530656666666668,38.69347874720358,29.8,2031,26,Asset Register:authorised_export_end_year=2056 (hard stop; cuts 14y from Asset Register:authorised_export_term_years),False,False
2053,inventory_as_reported,lng_canada_phase_2,LNG Canada Terminal,under_construction,export,41.122746,39.96968033333333,1.1530656666666668,38.69347874720358,29.8,2031,26,Asset Register:authorised_export_end_year=2056 (hard stop; cuts 14y from Asset Register:authorised_export_term_years),False,False
2054,inventory_as_reported,lng_canada_phase_2,LNG Canada Terminal,under_construction,export,41.122746,39.96968033333333,1.1530656666666668,38.69347874720358,29.8,2031,26,Asset Register:authorised_export_end_year=2056 (hard stop; cuts 14y from Asset Register:authorised_export_term_years),False,False
2055,inventory_as_reported,lng_canada_phase_2,LNG Canada Terminal,under_construction,export,41.122746,39.96968033333333,1.1530656666666668,38.69347874720358,29.8,2031,26,Asset Register:authorised_export_end_year=2056 (hard stop; cuts 14y from Asset Register:authorised_export_term_years),False,False
2056,inventory_as_reported,lng_canada_phase_2,LNG Canada Terminal,under_construction,export,41.122746,39.96968033333333,1.1530656666666668,38.69347874720358,29.8,2031,26,Asset Register:authorised_export_end_year=2056 (hard stop; cuts 14y from Asset Register:authorised_export_term_years),False,False
2032,inventory_as_reported,ksi_lisims_lng,Ksi Lisims FLNG Terminal,proposed,export,16.8048,16.333599999999997,0.47119999999999995,15.812080536912749,29.8,2032,32,Asset Register:authorised_export_end_year=2063 (hard stop; cuts 8y from Asset Register:authorised_export_term_years),False,False
2033,inventory_as_reported,ksi_lisims_lng,Ksi Lisims FLNG Terminal,proposed,export,29.4084,28.5838,0.8246,27.671140939597315,29.8,2032,32,Asset Register:authorised_export_end_year=2063 (hard stop; cuts 8y from Asset Register:authorised_export_term_years),False,False
2034,inventory_as_reported,ksi_lisims_lng,Ksi Lisims FLNG Terminal,proposed,export,35.248067999999996,34.25972599999999,0.9883419999999999,33.165838926174494,29.8,2032,32,Asset Register:authorised_export_end_year=2063 (hard stop; cuts 8y from Asset Register:authorised_export_term_years),False,False
2035,inventory_as_reported,ksi_lisims_lng,Ksi Lisims FLNG Terminal,proposed,export,35.248067999999996,34.25972599999999,0.9883419999999999,33.165838926174494,29.8,2032,32,Asset Register:authorised_export_end_year=2063 (hard stop; cuts 8y from Asset Register:authorised_export_term_years),False,False
2036,inventory_as_reported,ksi_lisims_lng,Ksi Lisims FLNG Terminal,proposed,export,35.248067999999996,34.25972599999999,0.9883419999999999,33.165838926174494,29.8,2032,32,Asset Register:authorised_export_end_year=2063 (hard stop; cuts 8y from Asset Register:authorised_export_term_years),False,False
2037,inventory_as_reported,ksi_lisims_lng,Ksi Lisims FLNG Terminal,proposed,export,35.248067999999996,34.25972599999999,0.9883419999999999,33.165838926174494,29.8,2032,32,Asset Register:authorised_export_end_year=2063 (hard stop; cuts 8y from Asset Register:authorised_export_term_years),False,False
2038,inventory_as_reported,ksi_lisims_lng,Ksi Lisims FLNG Terminal,proposed,export,35.248067999999996,34.25972599999999,0.9883419999999999,33.165838926174494,29.8,2032,32,Asset Register:authorised_export_end_year=2063 (hard stop; cuts 8y from Asset Register:authorised_export_term_years),False,False
2039,inventory_as_reported,ksi_lisims_lng,Ksi Lisims FLNG Terminal,proposed,export,35.248067999999996,34.25972599999999,0.9883419999999999,33.165838926174494,29.8,2032,32,Asset Register:authorised_export_end_year=2063 (hard stop; cuts 8y from Asset Register:authorised_export_term_years),False,False
2040,inventory_as_reported,ksi_lisims_lng,Ksi Lisims FLNG Terminal,proposed,export,35.248067999999996,34.25972599999999,0.9883419999999999,33.165838926174494,29.8,2032,32,Asset Register:authorised_export_end_year=2063 (hard stop; cuts 8y from Asset Register:authorised_export_term_years),False,False
2041,inventory_as_reported,ksi_lisims_lng,Ksi Lisims FLNG Terminal,proposed,export,35.248067999999996,34.25972599999999,0.9883419999999999,33.165838926174494,29.8,2032,32,Asset Register:authorised_export_end_year=2063 (hard stop; cuts 8y from Asset Register:authorised_export_term_years),False,False
2042,inventory_as_reported,ksi_lisims_lng,Ksi Lisims FLNG Terminal,proposed,export,35.248067999999996,34.25972599999999,0.9883419999999999,33.165838926174494,29.8,2032,32,Asset Register:authorised_export_end_year=2063 (hard stop; cuts 8y from Asset Register:authorised_export_term_years),False,False
2043,inventory_as_reported,ksi_lisims_lng,Ksi Lisims FLNG Terminal,proposed,export,35.248067999999996,34.25972599999999,0.9883419999999999,33.165838926174494,29.8,2032,32,Asset Register:authorised_export_end_year=2063 (hard stop; cuts 8y from Asset Register:authorised_export_term_years),False,False
2044,inventory_as_reported,ksi_lisims_lng,Ksi Lisims FLNG Terminal,proposed,export,35.248067999999996,34.25972599999999,0.9883419999999999,33.165838926174494,29.8,2032,32,Asset Register:authorised_export_end_year=2063 (hard stop; cuts 8y from Asset Register:authorised_export_term_years),False,False
2045,inventory_as_reported,ksi_lisims_lng,Ksi Lisims FLNG Terminal,proposed,export,35.248067999999996,34.25972599999999,0.9883419999999999,33.165838926174494,29.8,2032,32,Asset Register:authorised_export_end_year=2063 (hard stop; cuts 8y from Asset Register:authorised_export_term_years),False,False
2046,inventory_as_reported,ksi_lisims_lng,Ksi Lisims FLNG Terminal,proposed,export,35.248067999999996,34.25972599999999,0.9883419999999999,33.165838926174494,29.8,2032,32,Asset Register:authorised_export_end_year=2063 (hard stop; cuts 8y from Asset Register:authorised_export_term_years),False,False
2047,inventory_as_reported,ksi_lisims_lng,Ksi Lisims FLNG Terminal,proposed,export,35.248067999999996,34.25972599999999,0.9883419999999999,33.165838926174494,29.8,2032,32,Asset Register:authorised_export_end_year=2063 (hard stop; cuts 8y from Asset Register:authorised_export_term_years),False,False
2048,inventory_as_reported,ksi_lisims_lng,Ksi Lisims FLNG Terminal,proposed,export,35.248067999999996,34.25972599999999,0.9883419999999999,33.165838926174494,29.8,2032,32,Asset Register:authorised_export_end_year=2063 (hard stop; cuts 8y from Asset Register:authorised_export_term_years),False,False
2049,inventory_as_reported,ksi_lisims_lng,Ksi Lisims FLNG Terminal,proposed,export,35.248067999999996,34.25972599999999,0.9883419999999999,33.165838926174494,29.8,2032,32,Asset Register:authorised_export_end_year=2063 (hard stop; cuts 8y from Asset Register:authorised_export_term_years),False,False
2050,inventory_as_reported,ksi_lisims_lng,Ksi Lisims FLNG Terminal,proposed,export,35.248067999999996,34.25972599999999,0.9883419999999999,33.165838926174494,29.8,2032,32,Asset Register:authorised_export_end_year=2063 (hard stop; cuts 8y from Asset Register:authorised_export_term_years),False,False
2051,inventory_as_reported,ksi_lisims_lng,Ksi Lisims FLNG Terminal,proposed,export,35.248067999999996,34.25972599999999,0.9883419999999999,33.165838926174494,29.8,2032,32,Asset Register:authorised_export_end_year=2063 (hard stop; cuts 8y from Asset Register:authorised_export_term_years),False,False
2052,inventory_as_reported,ksi_lisims_lng,Ksi Lisims FLNG Terminal,proposed,export,35.248067999999996,34.25972599999999,0.9883419999999999,33.165838926174494,29.8,2032,32,Asset Register:authorised_export_end_year=2063 (hard stop; cuts 8y from Asset Register:authorised_export_term_years),False,False
2053,inventory_as_reported,ksi_lisims_lng,Ksi Lisims FLNG Terminal,proposed,export,35.248067999999996,34.25972599999999,0.9883419999999999,33.165838926174494,29.8,2032,32,Asset Register:authorised_export_end_year=2063 (hard stop; cuts 8y from Asset Register:authorised_export_term_years),False,False
2054,inventory_as_reported,ksi_lisims_lng,Ksi Lisims FLNG Terminal,proposed,export,35.248067999999996,34.25972599999999,0.9883419999999999,33.165838926174494,29.8,2032,32,Asset Register:authorised_export_end_year=2063 (hard stop; cuts 8y from Asset Register:authorised_export_term_years),False,False
2055,inventory_as_reported,ksi_lisims_lng,Ksi Lisims FLNG Terminal,proposed,export,35.248067999999996,34.25972599999999,0.9883419999999999,33.165838926174494,29.8,2032,32,Asset Register:authorised_export_end_year=2063 (hard stop; cuts 8y from Asset Register:authorised_export_term_years),False,False
2056,inventory_as_reported,ksi_lisims_lng,Ksi Lisims FLNG Terminal,proposed,export,35.248067999999996,34.25972599999999,0.9883419999999999,33.165838926174494,29.8,2032,32,Asset Register:authorised_export_end_year=2063 (hard stop; cuts 8y from Asset Register:authorised_export_term_years),False,False
2057,inventory_as_reported,ksi_lisims_lng,Ksi Lisims FLNG Terminal,proposed,export,35.248067999999996,34.25972599999999,0.9883419999999999,33.165838926174494,29.8,2032,32,Asset Register:authorised_export_end_year=2063 (hard stop; cuts 8y from Asset Register:authorised_export_term_years),False,False
2058,inventory_as_reported,ksi_lisims_lng,Ksi Lisims FLNG Terminal,proposed,export,35.248067999999996,34.25972599999999,0.9883419999999999,33.165838926174494,29.8,2032,32,Asset Register:authorised_export_end_year=2063 (hard stop; cuts 8y from Asset Register:authorised_export_term_years),False,False
2059,inventory_as_reported,ksi_lisims_lng,Ksi Lisims FLNG Terminal,proposed,export,35.248067999999996,34.25972599999999,0.9883419999999999,33.165838926174494,29.8,2032,32,Asset Register:authorised_export_end_year=2063 (hard stop; cuts 8y from Asset Register:authorised_export_term_years),False,False
2060,inventory_as_reported,ksi_lisims_lng,Ksi Lisims FLNG Terminal,proposed,export,35.248067999999996,34.25972599999999,0.9883419999999999,33.165838926174494,29.8,2032,32,Asset Register:authorised_export_end_year=2063 (hard stop; cuts 8y from Asset Register:authorised_export_term_years),False,False
2061,inventory_as_reported,ksi_lisims_lng,Ksi Lisims FLNG Terminal,proposed,export,35.248067999999996,34.25972599999999,0.9883419999999999,33.165838926174494,29.8,2032,32,Asset Register:authorised_export_end_year=2063 (hard stop; cuts 8y from Asset Register:authorised_export_term_years),False,False
2062,inventory_as_reported,ksi_lisims_lng,Ksi Lisims FLNG Terminal,proposed,export,35.248067999999996,34.25972599999999,0.9883419999999999,33.165838926174494,29.8,2032,32,Asset Register:authorised_export_end_year=2063 (hard stop; cuts 8y from Asset Register:authorised_export_term_years),False,False
2063,inventory_as_reported,ksi_lisims_lng,Ksi Lisims FLNG Terminal,proposed,export,35.248067999999996,34.25972599999999,0.9883419999999999,33.165838926174494,29.8,2032,32,Asset Register:authorised_export_end_year=2063 (hard stop; cuts 8y from Asset Register:authorised_export_term_years),False,False
2035,inventory_as_reported,marinvest_baie_comeau,"Kino Aski LNG (formerly Marinvest Energy, Baie-Comeau)",proposed,export,20.850631578947368,20.309105263157896,0.5415263157894736,18.172024019780995,29.8,2030,40,Parameters:lifecycle_years_default,True,False
2036,inventory_as_reported,marinvest_baie_comeau,"Kino Aski LNG (formerly Marinvest Energy, Baie-Comeau)",proposed,export,36.48860526315789,35.540934210526316,0.9476710526315789,31.801042034616742,29.8,2030,40,Parameters:lifecycle_years_default,True,False
2037,inventory_as_reported,marinvest_baie_comeau,"Kino Aski LNG (formerly Marinvest Energy, Baie-Comeau)",proposed,export,43.73419973684211,42.598348289473684,1.1358514473684211,38.115820381490636,29.8,2030,40,Parameters:lifecycle_years_default,True,False
2038,inventory_as_reported,marinvest_baie_comeau,"Kino Aski LNG (formerly Marinvest Energy, Baie-Comeau)",proposed,export,43.73419973684211,42.598348289473684,1.1358514473684211,38.115820381490636,29.8,2030,40,Parameters:lifecycle_years_default,True,False
2039,inventory_as_reported,marinvest_baie_comeau,"Kino Aski LNG (formerly Marinvest Energy, Baie-Comeau)",proposed,export,43.73419973684211,42.598348289473684,1.1358514473684211,38.115820381490636,29.8,2030,40,Parameters:lifecycle_years_default,True,False
2040,inventory_as_reported,marinvest_baie_comeau,"Kino Aski LNG (formerly Marinvest Energy, Baie-Comeau)",proposed,export,43.73419973684211,42.598348289473684,1.1358514473684211,38.115820381490636,29.8,2030,40,Parameters:lifecycle_years_default,True,False
2041,inventory_as_reported,marinvest_baie_comeau,"Kino Aski LNG (formerly Marinvest Energy, Baie-Comeau)",proposed,export,43.73419973684211,42.598348289473684,1.1358514473684211,38.115820381490636,29.8,2030,40,Parameters:lifecycle_years_default,True,False
2042,inventory_as_reported,marinvest_baie_comeau,"Kino Aski LNG (formerly Marinvest Energy, Baie-Comeau)",proposed,export,43.73419973684211,42.598348289473684,1.1358514473684211,38.115820381490636,29.8,2030,40,Parameters:lifecycle_years_default,True,False
2043,inventory_as_reported,marinvest_baie_comeau,"Kino Aski LNG (formerly Marinvest Energy, Baie-Comeau)",proposed,export,43.73419973684211,42.598348289473684,1.1358514473684211,38.115820381490636,29.8,2030,40,Parameters:lifecycle_years_default,True,False
2044,inventory_as_reported,marinvest_baie_comeau,"Kino Aski LNG (formerly Marinvest Energy, Baie-Comeau)",proposed,export,43.73419973684211,42.598348289473684,1.1358514473684211,38.115820381490636,29.8,2030,40,Parameters:lifecycle_years_default,True,False
2045,inventory_as_reported,marinvest_baie_comeau,"Kino Aski LNG (formerly Marinvest Energy, Baie-Comeau)",proposed,export,43.73419973684211,42.598348289473684,1.1358514473684211,38.115820381490636,29.8,2030,40,Parameters:lifecycle_years_default,True,False
2046,inventory_as_reported,marinvest_baie_comeau,"Kino Aski LNG (formerly Marinvest Energy, Baie-Comeau)",proposed,export,43.73419973684211,42.598348289473684,1.1358514473684211,38.115820381490636,29.8,2030,40,Parameters:lifecycle_years_default,True,False
2047,inventory_as_reported,marinvest_baie_comeau,"Kino Aski LNG (formerly Marinvest Energy, Baie-Comeau)",proposed,export,43.73419973684211,42.598348289473684,1.1358514473684211,38.115820381490636,29.8,2030,40,Parameters:lifecycle_years_default,True,False
2048,inventory_as_reported,marinvest_baie_comeau,"Kino Aski LNG (formerly Marinvest Energy, Baie-Comeau)",proposed,export,43.73419973684211,42.598348289473684,1.1358514473684211,38.115820381490636,29.8,2030,40,Parameters:lifecycle_years_default,True,False
2049,inventory_as_reported,marinvest_baie_comeau,"Kino Aski LNG (formerly Marinvest Energy, Baie-Comeau)",proposed,export,43.73419973684211,42.598348289473684,1.1358514473684211,38.115820381490636,29.8,2030,40,Parameters:lifecycle_years_default,True,False
2050,inventory_as_reported,marinvest_baie_comeau,"Kino Aski LNG (formerly Marinvest Energy, Baie-Comeau)",proposed,export,43.73419973684211,42.598348289473684,1.1358514473684211,38.115820381490636,29.8,2030,40,Parameters:lifecycle_years_default,True,False
2051,inventory_as_reported,marinvest_baie_comeau,"Kino Aski LNG (formerly Marinvest Energy, Baie-Comeau)",proposed,export,43.73419973684211,42.598348289473684,1.1358514473684211,38.115820381490636,29.8,2030,40,Parameters:lifecycle_years_default,True,False
2052,inventory_as_reported,marinvest_baie_comeau,"Kino Aski LNG (formerly Marinvest Energy, Baie-Comeau)",proposed,export,43.73419973684211,42.598348289473684,1.1358514473684211,38.115820381490636,29.8,2030,40,Parameters:lifecycle_years_default,True,False
2053,inventory_as_reported,marinvest_baie_comeau,"Kino Aski LNG (formerly Marinvest Energy, Baie-Comeau)",proposed,export,43.73419973684211,42.598348289473684,1.1358514473684211,38.115820381490636,29.8,2030,40,Parameters:lifecycle_years_default,True,False
2054,inventory_as_reported,marinvest_baie_comeau,"Kino Aski LNG (formerly Marinvest Energy, Baie-Comeau)",proposed,export,43.73419973684211,42.598348289473684,1.1358514473684211,38.115820381490636,29.8,2030,40,Parameters:lifecycle_years_default,True,False
2055,inventory_as_reported,marinvest_baie_comeau,"Kino Aski LNG (formerly Marinvest Energy, Baie-Comeau)",proposed,export,43.73419973684211,42.598348289473684,1.1358514473684211,38.115820381490636,29.8,2030,40,Parameters:lifecycle_years_default,True,False
2056,inventory_as_reported,marinvest_baie_comeau,"Kino Aski LNG (formerly Marinvest Energy, Baie-Comeau)",proposed,export,43.73419973684211,42.598348289473684,1.1358514473684211,38.115820381490636,29.8,2030,40,Parameters:lifecycle_years_default,True,False
2057,inventory_as_reported,marinvest_baie_comeau,"Kino Aski LNG (formerly Marinvest Energy, Baie-Comeau)",proposed,export,43.73419973684211,42.598348289473684,1.1358514473684211,38.115820381490636,29.8,2030,40,Parameters:lifecycle_years_default,True,False
2058,inventory_as_reported,marinvest_baie_comeau,"Kino Aski LNG (formerly Marinvest Energy, Baie-Comeau)",proposed,export,43.73419973684211,42.598348289473684,1.1358514473684211,38.115820381490636,29.8,2030,40,Parameters:lifecycle_years_default,True,False
2059,inventory_as_reported,marinvest_baie_comeau,"Kino Aski LNG (formerly Marinvest Energy, Baie-Comeau)",proposed,export,43.73419973684211,42.598348289473684,1.1358514473684211,38.115820381490636,29.8,2030,40,Parameters:lifecycle_years_default,True,False
2060,inventory_as_reported,marinvest_baie_comeau,"Kino Aski LNG (formerly Marinvest Energy, Baie-Comeau)",proposed,export,43.73419973684211,42.598348289473684,1.1358514473684211,38.115820381490636,29.8,2030,40,Parameters:lifecycle_years_default,True,False
2061,inventory_as_reported,marinvest_baie_comeau,"Kino Aski LNG (formerly Marinvest Energy, Baie-Comeau)",proposed,export,43.73419973684211,42.598348289473684,1.1358514473684211,38.115820381490636,29.8,2030,40,Parameters:lifecycle_years_default,True,False
2062,inventory_as_reported,marinvest_baie_comeau,"Kino Aski LNG (formerly Marinvest Energy, Baie-Comeau)",proposed,export,43.73419973684211,42.598348289473684,1.1358514473684211,38.115820381490636,29.8,2030,40,Parameters:lifecycle_years_default,True,False
2063,inventory_as_reported,marinvest_baie_comeau,"Kino Aski LNG (formerly Marinvest Energy, Baie-Comeau)",proposed,export,43.73419973684211,42.598348289473684,1.1358514473684211,38.115820381490636,29.8,2030,40,Parameters:lifecycle_years_default,True,False
2064,inventory_as_reported,marinvest_baie_comeau,"Kino Aski LNG (formerly Marinvest Energy, Baie-Comeau)",proposed,export,43.73419973684211,42.598348289473684,1.1358514473684211,38.115820381490636,29.8,2030,40,Parameters:lifecycle_years_default,True,False
2065,inventory_as_reported,marinvest_baie_comeau,"Kino Aski LNG (formerly Marinvest Energy, Baie-Comeau)",proposed,export,43.73419973684211,42.598348289473684,1.1358514473684211,38.115820381490636,29.8,2030,40,Parameters:lifecycle_years_default,True,False
2066,inventory_as_reported,marinvest_baie_comeau,"Kino Aski LNG (formerly Marinvest Energy, Baie-Comeau)",proposed,export,43.73419973684211,42.598348289473684,1.1358514473684211,38.115820381490636,29.8,2030,40,Parameters:lifecycle_years_default,True,False
2067,inventory_as_reported,marinvest_baie_comeau,"Kino Aski LNG (formerly Marinvest Energy, Baie-Comeau)",proposed,export,43.73419973684211,42.598348289473684,1.1358514473684211,38.115820381490636,29.8,2030,40,Parameters:lifecycle_years_default,True,False
2068,inventory_as_reported,marinvest_baie_comeau,"Kino Aski LNG (formerly Marinvest Energy, Baie-Comeau)",proposed,export,43.73419973684211,42.598348289473684,1.1358514473684211,38.115820381490636,29.8,2030,40,Parameters:lifecycle_years_default,True,False
2069,inventory_as_reported,marinvest_baie_comeau,"Kino Aski LNG (formerly Marinvest Energy, Baie-Comeau)",proposed,export,43.73419973684211,42.598348289473684,1.1358514473684211,38.115820381490636,29.8,2030,40,Parameters:lifecycle_years_default,True,False
2035,inventory_as_reported,summit_lake_pg_lng,Summit Lake PG LNG,proposed,export,3.78108,3.67506,0.10602,3.557718120805369,29.8,2030,35,Asset Register:project_life_years + fid_delay_mid=5y (delay moves the life later; operating years kept),True,False
2036,inventory_as_reported,summit_lake_pg_lng,Summit Lake PG LNG,proposed,export,6.616889999999999,6.431354999999998,0.18553499999999998,6.226006711409395,29.8,2030,35,Asset Register:project_life_years + fid_delay_mid=5y (delay moves the life later; operating years kept),True,False
2037,inventory_as_reported,summit_lake_pg_lng,Summit Lake PG LNG,proposed,export,7.930815299999999,7.708438349999999,0.22237695,7.462313758389261,29.8,2030,35,Asset Register:project_life_years + fid_delay_mid=5y (delay moves the life later; operating years kept),True,False
2038,inventory_as_reported,summit_lake_pg_lng,Summit Lake PG LNG,proposed,export,7.930815299999999,7.708438349999999,0.22237695,7.462313758389261,29.8,2030,35,Asset Register:project_life_years + fid_delay_mid=5y (delay moves the life later; operating years kept),True,False
2039,inventory_as_reported,summit_lake_pg_lng,Summit Lake PG LNG,proposed,export,7.930815299999999,7.708438349999999,0.22237695,7.462313758389261,29.8,2030,35,Asset Register:project_life_years + fid_delay_mid=5y (delay moves the life later; operating years kept),True,False
2040,inventory_as_reported,summit_lake_pg_lng,Summit Lake PG LNG,proposed,export,7.930815299999999,7.708438349999999,0.22237695,7.462313758389261,29.8,2030,35,Asset Register:project_life_years + fid_delay_mid=5y (delay moves the life later; operating years kept),True,False
2041,inventory_as_reported,summit_lake_pg_lng,Summit Lake PG LNG,proposed,export,7.930815299999999,7.708438349999999,0.22237695,7.462313758389261,29.8,2030,35,Asset Register:project_life_years + fid_delay_mid=5y (delay moves the life later; operating years kept),True,False
2042,inventory_as_reported,summit_lake_pg_lng,Summit Lake PG LNG,proposed,export,7.930815299999999,7.708438349999999,0.22237695,7.462313758389261,29.8,2030,35,Asset Register:project_life_years + fid_delay_mid=5y (delay moves the life later; operating years kept),True,False
2043,inventory_as_reported,summit_lake_pg_lng,Summit Lake PG LNG,proposed,export,7.930815299999999,7.708438349999999,0.22237695,7.462313758389261,29.8,2030,35,Asset Register:project_life_years + fid_delay_mid=5y (delay moves the life later; operating years kept),True,False
2044,inventory_as_reported,summit_lake_pg_lng,Summit Lake PG LNG,proposed,export,7.930815299999999,7.708438349999999,0.22237695,7.462313758389261,29.8,2030,35,Asset Register:project_life_years + fid_delay_mid=5y (delay moves the life later; operating years kept),True,False
2045,inventory_as_reported,summit_lake_pg_lng,Summit Lake PG LNG,proposed,export,7.930815299999999,7.708438349999999,0.22237695,7.462313758389261,29.8,2030,35,Asset Register:project_life_years + fid_delay_mid=5y (delay moves the life later; operating years kept),True,False
2046,inventory_as_reported,summit_lake_pg_lng,Summit Lake PG LNG,proposed,export,7.930815299999999,7.708438349999999,0.22237695,7.462313758389261,29.8,2030,35,Asset Register:project_life_years + fid_delay_mid=5y (delay moves the life later; operating years kept),True,False
2047,inventory_as_reported,summit_lake_pg_lng,Summit Lake PG LNG,proposed,export,7.930815299999999,7.708438349999999,0.22237695,7.462313758389261,29.8,2030,35,Asset Register:project_life_years + fid_delay_mid=5y (delay moves the life later; operating years kept),True,False
2048,inventory_as_reported,summit_lake_pg_lng,Summit Lake PG LNG,proposed,export,7.930815299999999,7.708438349999999,0.22237695,7.462313758389261,29.8,2030,35,Asset Register:project_life_years + fid_delay_mid=5y (delay moves the life later; operating years kept),True,False
2049,inventory_as_reported,summit_lake_pg_lng,Summit Lake PG LNG,proposed,export,7.930815299999999,7.708438349999999,0.22237695,7.462313758389261,29.8,2030,35,Asset Register:project_life_years + fid_delay_mid=5y (delay moves the life later; operating years kept),True,False
2050,inventory_as_reported,summit_lake_pg_lng,Summit Lake PG LNG,proposed,export,7.930815299999999,7.708438349999999,0.22237695,7.462313758389261,29.8,2030,35,Asset Register:project_life_years + fid_delay_mid=5y (delay moves the life later; operating years kept),True,False
2051,inventory_as_reported,summit_lake_pg_lng,Summit Lake PG LNG,proposed,export,7.930815299999999,7.708438349999999,0.22237695,7.462313758389261,29.8,2030,35,Asset Register:project_life_years + fid_delay_mid=5y (delay moves the life later; operating years kept),True,False
2052,inventory_as_reported,summit_lake_pg_lng,Summit Lake PG LNG,proposed,export,7.930815299999999,7.708438349999999,0.22237695,7.462313758389261,29.8,2030,35,Asset Register:project_life_years + fid_delay_mid=5y (delay moves the life later; operating years kept),True,False
2053,inventory_as_reported,summit_lake_pg_lng,Summit Lake PG LNG,proposed,export,7.930815299999999,7.708438349999999,0.22237695,7.462313758389261,29.8,2030,35,Asset Register:project_life_years + fid_delay_mid=5y (delay moves the life later; operating years kept),True,False
2054,inventory_as_reported,summit_lake_pg_lng,Summit Lake PG LNG,proposed,export,7.930815299999999,7.708438349999999,0.22237695,7.462313758389261,29.8,2030,35,Asset Register:project_life_years + fid_delay_mid=5y (delay moves the life later; operating years kept),True,False
2055,inventory_as_reported,summit_lake_pg_lng,Summit Lake PG LNG,proposed,export,7.930815299999999,7.708438349999999,0.22237695,7.462313758389261,29.8,2030,35,Asset Register:project_life_years + fid_delay_mid=5y (delay moves the life later; operating years kept),True,False
2056,inventory_as_reported,summit_lake_pg_lng,Summit Lake PG LNG,proposed,export,7.930815299999999,7.708438349999999,0.22237695,7.462313758389261,29.8,2030,35,Asset Register:project_life_years + fid_delay_mid=5y (delay moves the life later; operating years kept),True,False
2057,inventory_as_reported,summit_lake_pg_lng,Summit Lake PG LNG,proposed,export,7.930815299999999,7.708438349999999,0.22237695,7.462313758389261,29.8,2030,35,Asset Register:project_life_years + fid_delay_mid=5y (delay moves the life later; operating years kept),True,False
2058,inventory_as_reported,summit_lake_pg_lng,Summit Lake PG LNG,proposed,export,7.930815299999999,7.708438349999999,0.22237695,7.462313758389261,29.8,2030,35,Asset Register:project_life_years + fid_delay_mid=5y (delay moves the life later; operating years kept),True,False
2059,inventory_as_reported,summit_lake_pg_lng,Summit Lake PG LNG,proposed,export,7.930815299999999,7.708438349999999,0.22237695,7.462313758389261,29.8,2030,35,Asset Register:project_life_years + fid_delay_mid=5y (delay moves the life later; operating years kept),True,False
2060,inventory_as_reported,summit_lake_pg_lng,Summit Lake PG LNG,proposed,export,7.930815299999999,7.708438349999999,0.22237695,7.462313758389261,29.8,2030,35,Asset Register:project_life_years + fid_delay_mid=5y (delay moves the life later; operating years kept),True,False
2061,inventory_as_reported,summit_lake_pg_lng,Summit Lake PG LNG,proposed,export,7.930815299999999,7.708438349999999,0.22237695,7.462313758389261,29.8,2030,35,Asset Register:project_life_years + fid_delay_mid=5y (delay moves the life later; operating years kept),True,False
2062,inventory_as_reported,summit_lake_pg_lng,Summit Lake PG LNG,proposed,export,7.930815299999999,7.708438349999999,0.22237695,7.462313758389261,29.8,2030,35,Asset Register:project_life_years + fid_delay_mid=5y (delay moves the life later; operating years kept),True,False
2063,inventory_as_reported,summit_lake_pg_lng,Summit Lake PG LNG,proposed,export,7.930815299999999,7.708438349999999,0.22237695,7.462313758389261,29.8,2030,35,Asset Register:project_life_years + fid_delay_mid=5y (delay moves the life later; operating years kept),True,False
2064,inventory_as_reported,summit_lake_pg_lng,Summit Lake PG LNG,proposed,export,7.930815299999999,7.708438349999999,0.22237695,7.462313758389261,29.8,2030,35,Asset Register:project_life_years + fid_delay_mid=5y (delay moves the life later; operating years kept),True,False
2035,inventory_as_reported,fermeuse_energy_flng,Fermeuse Energy FLNG Terminal,proposed,export,13.836,13.494666666666667,0.3413333333333333,11.454138702460849,29.8,2030,23,Asset Register:project_life_years + fid_delay_mid=5y (delay moves the life later; operating years kept),True,False
2036,inventory_as_reported,fermeuse_energy_flng,Fermeuse Energy FLNG Terminal,proposed,export,24.213,23.61566666666667,0.5973333333333333,20.044742729306485,29.8,2030,23,Asset Register:project_life_years + fid_delay_mid=5y (delay moves the life later; operating years kept),True,False
2037,inventory_as_reported,fermeuse_energy_flng,Fermeuse Energy FLNG Terminal,proposed,export,29.021010000000004,28.305063333333337,0.7159466666666667,24.025055928411636,29.8,2030,23,Asset Register:project_life_years + fid_delay_mid=5y (delay moves the life later; operating years kept),True,False
2038,inventory_as_reported,fermeuse_energy_flng,Fermeuse Energy FLNG Terminal,proposed,export,29.021010000000004,28.305063333333337,0.7159466666666667,24.025055928411636,29.8,2030,23,Asset Register:project_life_years + fid_delay_mid=5y (delay moves the life later; operating years kept),True,False
2039,inventory_as_reported,fermeuse_energy_flng,Fermeuse Energy FLNG Terminal,proposed,export,29.021010000000004,28.305063333333337,0.7159466666666667,24.025055928411636,29.8,2030,23,Asset Register:project_life_years + fid_delay_mid=5y (delay moves the life later; operating years kept),True,False
2040,inventory_as_reported,fermeuse_energy_flng,Fermeuse Energy FLNG Terminal,proposed,export,29.021010000000004,28.305063333333337,0.7159466666666667,24.025055928411636,29.8,2030,23,Asset Register:project_life_years + fid_delay_mid=5y (delay moves the life later; operating years kept),True,False
2041,inventory_as_reported,fermeuse_energy_flng,Fermeuse Energy FLNG Terminal,proposed,export,29.021010000000004,28.305063333333337,0.7159466666666667,24.025055928411636,29.8,2030,23,Asset Register:project_life_years + fid_delay_mid=5y (delay moves the life later; operating years kept),True,False
2042,inventory_as_reported,fermeuse_energy_flng,Fermeuse Energy FLNG Terminal,proposed,export,29.021010000000004,28.305063333333337,0.7159466666666667,24.025055928411636,29.8,2030,23,Asset Register:project_life_years + fid_delay_mid=5y (delay moves the life later; operating years kept),True,False
2043,inventory_as_reported,fermeuse_energy_flng,Fermeuse Energy FLNG Terminal,proposed,export,29.021010000000004,28.305063333333337,0.7159466666666667,24.025055928411636,29.8,2030,23,Asset Register:project_life_years + fid_delay_mid=5y (delay moves the life later; operating years kept),True,False
2044,inventory_as_reported,fermeuse_energy_flng,Fermeuse Energy FLNG Terminal,proposed,export,29.021010000000004,28.305063333333337,0.7159466666666667,24.025055928411636,29.8,2030,23,Asset Register:project_life_years + fid_delay_mid=5y (delay moves the life later; operating years kept),True,False
2045,inventory_as_reported,fermeuse_energy_flng,Fermeuse Energy FLNG Terminal,proposed,export,29.021010000000004,28.305063333333337,0.7159466666666667,24.025055928411636,29.8,2030,23,Asset Register:project_life_years + fid_delay_mid=5y (delay moves the life later; operating years kept),True,False
2046,inventory_as_reported,fermeuse_energy_flng,Fermeuse Energy FLNG Terminal,proposed,export,29.021010000000004,28.305063333333337,0.7159466666666667,24.025055928411636,29.8,2030,23,Asset Register:project_life_years + fid_delay_mid=5y (delay moves the life later; operating years kept),True,False
2047,inventory_as_reported,fermeuse_energy_flng,Fermeuse Energy FLNG Terminal,proposed,export,29.021010000000004,28.305063333333337,0.7159466666666667,24.025055928411636,29.8,2030,23,Asset Register:project_life_years + fid_delay_mid=5y (delay moves the life later; operating years kept),True,False
2048,inventory_as_reported,fermeuse_energy_flng,Fermeuse Energy FLNG Terminal,proposed,export,29.021010000000004,28.305063333333337,0.7159466666666667,24.025055928411636,29.8,2030,23,Asset Register:project_life_years + fid_delay_mid=5y (delay moves the life later; operating years kept),True,False
2049,inventory_as_reported,fermeuse_energy_flng,Fermeuse Energy FLNG Terminal,proposed,export,29.021010000000004,28.305063333333337,0.7159466666666667,24.025055928411636,29.8,2030,23,Asset Register:project_life_years + fid_delay_mid=5y (delay moves the life later; operating years kept),True,False
2050,inventory_as_reported,fermeuse_energy_flng,Fermeuse Energy FLNG Terminal,proposed,export,29.021010000000004,28.305063333333337,0.7159466666666667,24.025055928411636,29.8,2030,23,Asset Register:project_life_years + fid_delay_mid=5y (delay moves the life later; operating years kept),True,False
2051,inventory_as_reported,fermeuse_energy_flng,Fermeuse Energy FLNG Terminal,proposed,export,29.021010000000004,28.305063333333337,0.7159466666666667,24.025055928411636,29.8,2030,23,Asset Register:project_life_years + fid_delay_mid=5y (delay moves the life later; operating years kept),True,False
2052,inventory_as_reported,fermeuse_energy_flng,Fermeuse Energy FLNG Terminal,proposed,export,29.021010000000004,28.305063333333337,0.7159466666666667,24.025055928411636,29.8,2030,23,Asset Register:project_life_years + fid_delay_mid=5y (delay moves the life later; operating years kept),True,False
2035,inventory_as_reported,kanata_lng,Kanata LNG,proposed,export,16.8048,16.333599999999997,0.47119999999999995,15.812080536912749,29.8,2030,40,Parameters:lifecycle_years_default,True,False
2036,inventory_as_reported,kanata_lng,Kanata LNG,proposed,export,29.4084,28.5838,0.8246,27.671140939597315,29.8,2030,40,Parameters:lifecycle_years_default,True,False
2037,inventory_as_reported,kanata_lng,Kanata LNG,proposed,export,35.248067999999996,34.25972599999999,0.9883419999999999,33.165838926174494,29.8,2030,40,Parameters:lifecycle_years_default,True,False
2038,inventory_as_reported,kanata_lng,Kanata LNG,proposed,export,35.248067999999996,34.25972599999999,0.9883419999999999,33.165838926174494,29.8,2030,40,Parameters:lifecycle_years_default,True,False
2039,inventory_as_reported,kanata_lng,Kanata LNG,proposed,export,35.248067999999996,34.25972599999999,0.9883419999999999,33.165838926174494,29.8,2030,40,Parameters:lifecycle_years_default,True,False
2040,inventory_as_reported,kanata_lng,Kanata LNG,proposed,export,35.248067999999996,34.25972599999999,0.9883419999999999,33.165838926174494,29.8,2030,40,Parameters:lifecycle_years_default,True,False
2041,inventory_as_reported,kanata_lng,Kanata LNG,proposed,export,35.248067999999996,34.25972599999999,0.9883419999999999,33.165838926174494,29.8,2030,40,Parameters:lifecycle_years_default,True,False
2042,inventory_as_reported,kanata_lng,Kanata LNG,proposed,export,35.248067999999996,34.25972599999999,0.9883419999999999,33.165838926174494,29.8,2030,40,Parameters:lifecycle_years_default,True,False
2043,inventory_as_reported,kanata_lng,Kanata LNG,proposed,export,35.248067999999996,34.25972599999999,0.9883419999999999,33.165838926174494,29.8,2030,40,Parameters:lifecycle_years_default,True,False
2044,inventory_as_reported,kanata_lng,Kanata LNG,proposed,export,35.248067999999996,34.25972599999999,0.9883419999999999,33.165838926174494,29.8,2030,40,Parameters:lifecycle_years_default,True,False
2045,inventory_as_reported,kanata_lng,Kanata LNG,proposed,export,35.248067999999996,34.25972599999999,0.9883419999999999,33.165838926174494,29.8,2030,40,Parameters:lifecycle_years_default,True,False
2046,inventory_as_reported,kanata_lng,Kanata LNG,proposed,export,35.248067999999996,34.25972599999999,0.9883419999999999,33.165838926174494,29.8,2030,40,Parameters:lifecycle_years_default,True,False
2047,inventory_as_reported,kanata_lng,Kanata LNG,proposed,export,35.248067999999996,34.25972599999999,0.9883419999999999,33.165838926174494,29.8,2030,40,Parameters:lifecycle_years_default,True,False
2048,inventory_as_reported,kanata_lng,Kanata LNG,proposed,export,35.248067999999996,34.25972599999999,0.9883419999999999,33.165838926174494,29.8,2030,40,Parameters:lifecycle_years_default,True,False
2049,inventory_as_reported,kanata_lng,Kanata LNG,proposed,export,35.248067999999996,34.25972599999999,0.9883419999999999,33.165838926174494,29.8,2030,40,Parameters:lifecycle_years_default,True,False
2050,inventory_as_reported,kanata_lng,Kanata LNG,proposed,export,35.248067999999996,34.25972599999999,0.9883419999999999,33.165838926174494,29.8,2030,40,Parameters:lifecycle_years_default,True,False
2051,inventory_as_reported,kanata_lng,Kanata LNG,proposed,export,35.248067999999996,34.25972599999999,0.9883419999999999,33.165838926174494,29.8,2030,40,Parameters:lifecycle_years_default,True,False
2052,inventory_as_reported,kanata_lng,Kanata LNG,proposed,export,35.248067999999996,34.25972599999999,0.9883419999999999,33.165838926174494,29.8,2030,40,Parameters:lifecycle_years_default,True,False
2053,inventory_as_reported,kanata_lng,Kanata LNG,proposed,export,35.248067999999996,34.25972599999999,0.9883419999999999,33.165838926174494,29.8,2030,40,Parameters:lifecycle_years_default,True,False
2054,inventory_as_reported,kanata_lng,Kanata LNG,proposed,export,35.248067999999996,34.25972599999999,0.9883419999999999,33.165838926174494,29.8,2030,40,Parameters:lifecycle_years_default,True,False
2055,inventory_as_reported,kanata_lng,Kanata LNG,proposed,export,35.248067999999996,34.25972599999999,0.9883419999999999,33.165838926174494,29.8,2030,40,Parameters:lifecycle_years_default,True,False
2056,inventory_as_reported,kanata_lng,Kanata LNG,proposed,export,35.248067999999996,34.25972599999999,0.9883419999999999,33.165838926174494,29.8,2030,40,Parameters:lifecycle_years_default,True,False
2057,inventory_as_reported,kanata_lng,Kanata LNG,proposed,export,35.248067999999996,34.25972599999999,0.9883419999999999,33.165838926174494,29.8,2030,40,Parameters:lifecycle_years_default,True,False
2058,inventory_as_reported,kanata_lng,Kanata LNG,proposed,export,35.248067999999996,34.25972599999999,0.9883419999999999,33.165838926174494,29.8,2030,40,Parameters:lifecycle_years_default,True,False
2059,inventory_as_reported,kanata_lng,Kanata LNG,proposed,export,35.248067999999996,34.25972599999999,0.9883419999999999,33.165838926174494,29.8,2030,40,Parameters:lifecycle_years_default,True,False
2060,inventory_as_reported,kanata_lng,Kanata LNG,proposed,export,35.248067999999996,34.25972599999999,0.9883419999999999,33.165838926174494,29.8,2030,40,Parameters:lifecycle_years_default,True,False
2061,inventory_as_reported,kanata_lng,Kanata LNG,proposed,export,35.248067999999996,34.25972599999999,0.9883419999999999,33.165838926174494,29.8,2030,40,Parameters:lifecycle_years_default,True,False
2062,inventory_as_reported,kanata_lng,Kanata LNG,proposed,export,35.248067999999996,34.25972599999999,0.9883419999999999,33.165838926174494,29.8,2030,40,Parameters:lifecycle_years_default,True,False
2063,inventory_as_reported,kanata_lng,Kanata LNG,proposed,export,35.248067999999996,34.25972599999999,0.9883419999999999,33.165838926174494,29.8,2030,40,Parameters:lifecycle_years_default,True,False
2064,inventory_as_reported,kanata_lng,Kanata LNG,proposed,export,35.248067999999996,34.25972599999999,0.9883419999999999,33.165838926174494,29.8,2030,40,Parameters:lifecycle_years_default,True,False
2065,inventory_as_reported,kanata_lng,Kanata LNG,proposed,export,35.248067999999996,34.25972599999999,0.9883419999999999,33.165838926174494,29.8,2030,40,Parameters:lifecycle_years_default,True,False
2066,inventory_as_reported,kanata_lng,Kanata LNG,proposed,export,35.248067999999996,34.25972599999999,0.9883419999999999,33.165838926174494,29.8,2030,40,Parameters:lifecycle_years_default,True,False
2067,inventory_as_reported,kanata_lng,Kanata LNG,proposed,export,35.248067999999996,34.25972599999999,0.9883419999999999,33.165838926174494,29.8,2030,40,Parameters:lifecycle_years_default,True,False
2068,inventory_as_reported,kanata_lng,Kanata LNG,proposed,export,35.248067999999996,34.25972599999999,0.9883419999999999,33.165838926174494,29.8,2030,40,Parameters:lifecycle_years_default,True,False
2069,inventory_as_reported,kanata_lng,Kanata LNG,proposed,export,35.248067999999996,34.25972599999999,0.9883419999999999,33.165838926174494,29.8,2030,40,Parameters:lifecycle_years_default,True,False
2025,measurement_central,lng_canada_phase_1,LNG Canada Terminal,operating,export,12.362,11.909916666666666,0.4520833333333335,15.170581655480989,29.8,2025,32,Asset Register:authorised_export_end_year=2056 (hard stop; cuts 8y from Asset Register:authorised_export_term_years),False,False
2026,measurement_central,lng_canada_phase_1,LNG Canada Terminal,operating,export,29.6688,28.5838,1.0850000000000004,36.409395973154375,29.8,2025,32,Asset Register:authorised_export_end_year=2056 (hard stop; cuts 8y from Asset Register:authorised_export_term_years),False,False
2027,measurement_central,lng_canada_phase_1,LNG Canada Terminal,operating,export,42.0308,40.493716666666664,1.5370833333333338,51.579977628635355,29.8,2025,32,Asset Register:authorised_export_end_year=2056 (hard stop; cuts 8y from Asset Register:authorised_export_term_years),False,False
2028,measurement_central,lng_canada_phase_1,LNG Canada Terminal,operating,export,42.0308,40.493716666666664,1.5370833333333338,51.579977628635355,29.8,2025,32,Asset Register:authorised_export_end_year=2056 (hard stop; cuts 8y from Asset Register:authorised_export_term_years),False,False
2029,measurement_central,lng_canada_phase_1,LNG Canada Terminal,operating,export,42.0308,40.493716666666664,1.5370833333333338,51.579977628635355,29.8,2025,32,Asset Register:authorised_export_end_year=2056 (hard stop; cuts 8y from Asset Register:authorised_export_term_years),False,False
2030,measurement_central,lng_canada_phase_1,LNG Canada Terminal,operating,export,42.0308,40.493716666666664,1.5370833333333338,51.579977628635355,29.8,2025,32,Asset Register:authorised_export_end_year=2056 (hard stop; cuts 8y from Asset Register:authorised_export_term_years),False,False
2031,measurement_central,lng_canada_phase_1,LNG Canada Terminal,operating,export,42.0308,40.493716666666664,1.5370833333333338,51.579977628635355,29.8,2025,32,Asset Register:authorised_export_end_year=2056 (hard stop; cuts 8y from Asset Register:authorised_export_term_years),False,False
2032,measurement_central,lng_canada_phase_1,LNG Canada Terminal,operating,export,42.0308,40.493716666666664,1.5370833333333338,51.579977628635355,29.8,2025,32,Asset Register:authorised_export_end_year=2056 (hard stop; cuts 8y from Asset Register:authorised_export_term_years),False,False
2033,measurement_central,lng_canada_phase_1,LNG Canada Terminal,operating,export,42.0308,40.493716666666664,1.5370833333333338,51.579977628635355,29.8,2025,32,Asset Register:authorised_export_end_year=2056 (hard stop; cuts 8y from Asset Register:authorised_export_term_years),False,False
2034,measurement_central,lng_canada_phase_1,LNG Canada Terminal,operating,export,42.0308,40.493716666666664,1.5370833333333338,51.579977628635355,29.8,2025,32,Asset Register:authorised_export_end_year=2056 (hard stop; cuts 8y from Asset Register:authorised_export_term_years),False,False
2035,measurement_central,lng_canada_phase_1,LNG Canada Terminal,operating,export,42.0308,40.493716666666664,1.5370833333333338,51.579977628635355,29.8,2025,32,Asset Register:authorised_export_end_year=2056 (hard stop; cuts 8y from Asset Register:authorised_export_term_years),False,False
2036,measurement_central,lng_canada_phase_1,LNG Canada Terminal,operating,export,42.0308,40.493716666666664,1.5370833333333338,51.579977628635355,29.8,2025,32,Asset Register:authorised_export_end_year=2056 (hard stop; cuts 8y from Asset Register:authorised_export_term_years),False,False
2037,measurement_central,lng_canada_phase_1,LNG Canada Terminal,operating,export,42.0308,40.493716666666664,1.5370833333333338,51.579977628635355,29.8,2025,32,Asset Register:authorised_export_end_year=2056 (hard stop; cuts 8y from Asset Register:authorised_export_term_years),False,False
2038,measurement_central,lng_canada_phase_1,LNG Canada Terminal,operating,export,42.0308,40.493716666666664,1.5370833333333338,51.579977628635355,29.8,2025,32,Asset Register:authorised_export_end_year=2056 (hard stop; cuts 8y from Asset Register:authorised_export_term_years),False,False
2039,measurement_central,lng_canada_phase_1,LNG Canada Terminal,operating,export,42.0308,40.493716666666664,1.5370833333333338,51.579977628635355,29.8,2025,32,Asset Register:authorised_export_end_year=2056 (hard stop; cuts 8y from Asset Register:authorised_export_term_years),False,False
2040,measurement_central,lng_canada_phase_1,LNG Canada Terminal,operating,export,42.0308,40.493716666666664,1.5370833333333338,51.579977628635355,29.8,2025,32,Asset Register:authorised_export_end_year=2056 (hard stop; cuts 8y from Asset Register:authorised_export_term_years),False,False
2041,measurement_central,lng_canada_phase_1,LNG Canada Terminal,operating,export,42.0308,40.493716666666664,1.5370833333333338,51.579977628635355,29.8,2025,32,Asset Register:authorised_export_end_year=2056 (hard stop; cuts 8y from Asset Register:authorised_export_term_years),False,False
2042,measurement_central,lng_canada_phase_1,LNG Canada Terminal,operating,export,42.0308,40.493716666666664,1.5370833333333338,51.579977628635355,29.8,2025,32,Asset Register:authorised_export_end_year=2056 (hard stop; cuts 8y from Asset Register:authorised_export_term_years),False,False
2043,measurement_central,lng_canada_phase_1,LNG Canada Terminal,operating,export,42.0308,40.493716666666664,1.5370833333333338,51.579977628635355,29.8,2025,32,Asset Register:authorised_export_end_year=2056 (hard stop; cuts 8y from Asset Register:authorised_export_term_years),False,False
2044,measurement_central,lng_canada_phase_1,LNG Canada Terminal,operating,export,42.0308,40.493716666666664,1.5370833333333338,51.579977628635355,29.8,2025,32,Asset Register:authorised_export_end_year=2056 (hard stop; cuts 8y from Asset Register:authorised_export_term_years),False,False
2045,measurement_central,lng_canada_phase_1,LNG Canada Terminal,operating,export,42.0308,40.493716666666664,1.5370833333333338,51.579977628635355,29.8,2025,32,Asset Register:authorised_export_end_year=2056 (hard stop; cuts 8y from Asset Register:authorised_export_term_years),False,False
2046,measurement_central,lng_canada_phase_1,LNG Canada Terminal,operating,export,42.0308,40.493716666666664,1.5370833333333338,51.579977628635355,29.8,2025,32,Asset Register:authorised_export_end_year=2056 (hard stop; cuts 8y from Asset Register:authorised_export_term_years),False,False
2047,measurement_central,lng_canada_phase_1,LNG Canada Terminal,operating,export,42.0308,40.493716666666664,1.5370833333333338,51.579977628635355,29.8,2025,32,Asset Register:authorised_export_end_year=2056 (hard stop; cuts 8y from Asset Register:authorised_export_term_years),False,False
2048,measurement_central,lng_canada_phase_1,LNG Canada Terminal,operating,export,42.0308,40.493716666666664,1.5370833333333338,51.579977628635355,29.8,2025,32,Asset Register:authorised_export_end_year=2056 (hard stop; cuts 8y from Asset Register:authorised_export_term_years),False,False
2049,measurement_central,lng_canada_phase_1,LNG Canada Terminal,operating,export,42.0308,40.493716666666664,1.5370833333333338,51.579977628635355,29.8,2025,32,Asset Register:authorised_export_end_year=2056 (hard stop; cuts 8y from Asset Register:authorised_export_term_years),False,False
2050,measurement_central,lng_canada_phase_1,LNG Canada Terminal,operating,export,42.0308,40.493716666666664,1.5370833333333338,51.579977628635355,29.8,2025,32,Asset Register:authorised_export_end_year=2056 (hard stop; cuts 8y from Asset Register:authorised_export_term_years),False,False
2051,measurement_central,lng_canada_phase_1,LNG Canada Terminal,operating,export,42.0308,40.493716666666664,1.5370833333333338,51.579977628635355,29.8,2025,32,Asset Register:authorised_export_end_year=2056 (hard stop; cuts 8y from Asset Register:authorised_export_term_years),False,False
2052,measurement_central,lng_canada_phase_1,LNG Canada Terminal,operating,export,42.0308,40.493716666666664,1.5370833333333338,51.579977628635355,29.8,2025,32,Asset Register:authorised_export_end_year=2056 (hard stop; cuts 8y from Asset Register:authorised_export_term_years),False,False
2053,measurement_central,lng_canada_phase_1,LNG Canada Terminal,operating,export,42.0308,40.493716666666664,1.5370833333333338,51.579977628635355,29.8,2025,32,Asset Register:authorised_export_end_year=2056 (hard stop; cuts 8y from Asset Register:authorised_export_term_years),False,False
2054,measurement_central,lng_canada_phase_1,LNG Canada Terminal,operating,export,42.0308,40.493716666666664,1.5370833333333338,51.579977628635355,29.8,2025,32,Asset Register:authorised_export_end_year=2056 (hard stop; cuts 8y from Asset Register:authorised_export_term_years),False,False
2055,measurement_central,lng_canada_phase_1,LNG Canada Terminal,operating,export,42.0308,40.493716666666664,1.5370833333333338,51.579977628635355,29.8,2025,32,Asset Register:authorised_export_end_year=2056 (hard stop; cuts 8y from Asset Register:authorised_export_term_years),False,False
2056,measurement_central,lng_canada_phase_1,LNG Canada Terminal,operating,export,42.0308,40.493716666666664,1.5370833333333338,51.579977628635355,29.8,2025,32,Asset Register:authorised_export_end_year=2056 (hard stop; cuts 8y from Asset Register:authorised_export_term_years),False,False
2028,measurement_central,cedar_lng,Cedar FLNG Terminal,under_construction,export,5.298,5.1042499999999995,0.19375000000000006,6.501677852348995,29.8,2028,39,Asset Register:authorised_export_end_year=2066 (hard stop; cuts 1y from Asset Register:authorised_export_term_years),False,False
2029,measurement_central,cedar_lng,Cedar FLNG Terminal,under_construction,export,9.2715,8.932437499999999,0.3390625000000001,11.377936241610742,29.8,2028,39,Asset Register:authorised_export_end_year=2066 (hard stop; cuts 1y from Asset Register:authorised_export_term_years),False,False
2030,measurement_central,cedar_lng,Cedar FLNG Terminal,under_construction,export,11.112555,10.706164375,0.40639062500000017,13.63726929530202,29.8,2028,39,Asset Register:authorised_export_end_year=2066 (hard stop; cuts 1y from Asset Register:authorised_export_term_years),False,False
2031,measurement_central,cedar_lng,Cedar FLNG Terminal,under_construction,export,11.112555,10.706164375,0.40639062500000017,13.63726929530202,29.8,2028,39,Asset Register:authorised_export_end_year=2066 (hard stop; cuts 1y from Asset Register:authorised_export_term_years),False,False
2032,measurement_central,cedar_lng,Cedar FLNG Terminal,under_construction,export,11.112555,10.706164375,0.40639062500000017,13.63726929530202,29.8,2028,39,Asset Register:authorised_export_end_year=2066 (hard stop; cuts 1y from Asset Register:authorised_export_term_years),False,False
2033,measurement_central,cedar_lng,Cedar FLNG Terminal,under_construction,export,11.112555,10.706164375,0.40639062500000017,13.63726929530202,29.8,2028,39,Asset Register:authorised_export_end_year=2066 (hard stop; cuts 1y from Asset Register:authorised_export_term_years),False,False
2034,measurement_central,cedar_lng,Cedar FLNG Terminal,under_construction,export,11.112555,10.706164375,0.40639062500000017,13.63726929530202,29.8,2028,39,Asset Register:authorised_export_end_year=2066 (hard stop; cuts 1y from Asset Register:authorised_export_term_years),False,False
2035,measurement_central,cedar_lng,Cedar FLNG Terminal,under_construction,export,11.112555,10.706164375,0.40639062500000017,13.63726929530202,29.8,2028,39,Asset Register:authorised_export_end_year=2066 (hard stop; cuts 1y from Asset Register:authorised_export_term_years),False,False
2036,measurement_central,cedar_lng,Cedar FLNG Terminal,under_construction,export,11.112555,10.706164375,0.40639062500000017,13.63726929530202,29.8,2028,39,Asset Register:authorised_export_end_year=2066 (hard stop; cuts 1y from Asset Register:authorised_export_term_years),False,False
2037,measurement_central,cedar_lng,Cedar FLNG Terminal,under_construction,export,11.112555,10.706164375,0.40639062500000017,13.63726929530202,29.8,2028,39,Asset Register:authorised_export_end_year=2066 (hard stop; cuts 1y from Asset Register:authorised_export_term_years),False,False
2038,measurement_central,cedar_lng,Cedar FLNG Terminal,under_construction,export,11.112555,10.706164375,0.40639062500000017,13.63726929530202,29.8,2028,39,Asset Register:authorised_export_end_year=2066 (hard stop; cuts 1y from Asset Register:authorised_export_term_years),False,False
2039,measurement_central,cedar_lng,Cedar FLNG Terminal,under_construction,export,11.112555,10.706164375,0.40639062500000017,13.63726929530202,29.8,2028,39,Asset Register:authorised_export_end_year=2066 (hard stop; cuts 1y from Asset Register:authorised_export_term_years),False,False
2040,measurement_central,cedar_lng,Cedar FLNG Terminal,under_construction,export,11.112555,10.706164375,0.40639062500000017,13.63726929530202,29.8,2028,39,Asset Register:authorised_export_end_year=2066 (hard stop; cuts 1y from Asset Register:authorised_export_term_years),False,False
2041,measurement_central,cedar_lng,Cedar FLNG Terminal,under_construction,export,11.112555,10.706164375,0.40639062500000017,13.63726929530202,29.8,2028,39,Asset Register:authorised_export_end_year=2066 (hard stop; cuts 1y from Asset Register:authorised_export_term_years),False,False
2042,measurement_central,cedar_lng,Cedar FLNG Terminal,under_construction,export,11.112555,10.706164375,0.40639062500000017,13.63726929530202,29.8,2028,39,Asset Register:authorised_export_end_year=2066 (hard stop; cuts 1y from Asset Register:authorised_export_term_years),False,False
2043,measurement_central,cedar_lng,Cedar FLNG Terminal,under_construction,export,11.112555,10.706164375,0.40639062500000017,13.63726929530202,29.8,2028,39,Asset Register:authorised_export_end_year=2066 (hard stop; cuts 1y from Asset Register:authorised_export_term_years),False,False
2044,measurement_central,cedar_lng,Cedar FLNG Terminal,under_construction,export,11.112555,10.706164375,0.40639062500000017,13.63726929530202,29.8,2028,39,Asset Register:authorised_export_end_year=2066 (hard stop; cuts 1y from Asset Register:authorised_export_term_years),False,False
2045,measurement_central,cedar_lng,Cedar FLNG Terminal,under_construction,export,11.112555,10.706164375,0.40639062500000017,13.63726929530202,29.8,2028,39,Asset Register:authorised_export_end_year=2066 (hard stop; cuts 1y from Asset Register:authorised_export_term_years),False,False
2046,measurement_central,cedar_lng,Cedar FLNG Terminal,under_construction,export,11.112555,10.706164375,0.40639062500000017,13.63726929530202,29.8,2028,39,Asset Register:authorised_export_end_year=2066 (hard stop; cuts 1y from Asset Register:authorised_export_term_years),False,False
2047,measurement_central,cedar_lng,Cedar FLNG Terminal,under_construction,export,11.112555,10.706164375,0.40639062500000017,13.63726929530202,29.8,2028,39,Asset Register:authorised_export_end_year=2066 (hard stop; cuts 1y from Asset Register:authorised_export_term_years),False,False
2048,measurement_central,cedar_lng,Cedar FLNG Terminal,under_construction,export,11.112555,10.706164375,0.40639062500000017,13.63726929530202,29.8,2028,39,Asset Register:authorised_export_end_year=2066 (hard stop; cuts 1y from Asset Register:authorised_export_term_years),False,False
2049,measurement_central,cedar_lng,Cedar FLNG Terminal,under_construction,export,11.112555,10.706164375,0.40639062500000017,13.63726929530202,29.8,2028,39,Asset Register:authorised_export_end_year=2066 (hard stop; cuts 1y from Asset Register:authorised_export_term_years),False,False
2050,measurement_central,cedar_lng,Cedar FLNG Terminal,under_construction,export,11.112555,10.706164375,0.40639062500000017,13.63726929530202,29.8,2028,39,Asset Register:authorised_export_end_year=2066 (hard stop; cuts 1y from Asset Register:authorised_export_term_years),False,False
2051,measurement_central,cedar_lng,Cedar FLNG Terminal,under_construction,export,11.112555,10.706164375,0.40639062500000017,13.63726929530202,29.8,2028,39,Asset Register:authorised_export_end_year=2066 (hard stop; cuts 1y from Asset Register:authorised_export_term_years),False,False
2052,measurement_central,cedar_lng,Cedar FLNG Terminal,under_construction,export,11.112555,10.706164375,0.40639062500000017,13.63726929530202,29.8,2028,39,Asset Register:authorised_export_end_year=2066 (hard stop; cuts 1y from Asset Register:authorised_export_term_years),False,False
2053,measurement_central,cedar_lng,Cedar FLNG Terminal,under_construction,export,11.112555,10.706164375,0.40639062500000017,13.63726929530202,29.8,2028,39,Asset Register:authorised_export_end_year=2066 (hard stop; cuts 1y from Asset Register:authorised_export_term_years),False,False
2054,measurement_central,cedar_lng,Cedar FLNG Terminal,under_construction,export,11.112555,10.706164375,0.40639062500000017,13.63726929530202,29.8,2028,39,Asset Register:authorised_export_end_year=2066 (hard stop; cuts 1y from Asset Register:authorised_export_term_years),False,False
2055,measurement_central,cedar_lng,Cedar FLNG Terminal,under_construction,export,11.112555,10.706164375,0.40639062500000017,13.63726929530202,29.8,2028,39,Asset Register:authorised_export_end_year=2066 (hard stop; cuts 1y from Asset Register:authorised_export_term_years),False,False
2056,measurement_central,cedar_lng,Cedar FLNG Terminal,under_construction,export,11.112555,10.706164375,0.40639062500000017,13.63726929530202,29.8,2028,39,Asset Register:authorised_export_end_year=2066 (hard stop; cuts 1y from Asset Register:authorised_export_term_years),False,False
2057,measurement_central,cedar_lng,Cedar FLNG Terminal,under_construction,export,11.112555,10.706164375,0.40639062500000017,13.63726929530202,29.8,2028,39,Asset Register:authorised_export_end_year=2066 (hard stop; cuts 1y from Asset Register:authorised_export_term_years),False,False
2058,measurement_central,cedar_lng,Cedar FLNG Terminal,under_construction,export,11.112555,10.706164375,0.40639062500000017,13.63726929530202,29.8,2028,39,Asset Register:authorised_export_end_year=2066 (hard stop; cuts 1y from Asset Register:authorised_export_term_years),False,False
2059,measurement_central,cedar_lng,Cedar FLNG Terminal,under_construction,export,11.112555,10.706164375,0.40639062500000017,13.63726929530202,29.8,2028,39,Asset Register:authorised_export_end_year=2066 (hard stop; cuts 1y from Asset Register:authorised_export_term_years),False,False
2060,measurement_central,cedar_lng,Cedar FLNG Terminal,under_construction,export,11.112555,10.706164375,0.40639062500000017,13.63726929530202,29.8,2028,39,Asset Register:authorised_export_end_year=2066 (hard stop; cuts 1y from Asset Register:authorised_export_term_years),False,False
2061,measurement_central,cedar_lng,Cedar FLNG Terminal,under_construction,export,11.112555,10.706164375,0.40639062500000017,13.63726929530202,29.8,2028,39,Asset Register:authorised_export_end_year=2066 (hard stop; cuts 1y from Asset Register:authorised_export_term_years),False,False
2062,measurement_central,cedar_lng,Cedar FLNG Terminal,under_construction,export,11.112555,10.706164375,0.40639062500000017,13.63726929530202,29.8,2028,39,Asset Register:authorised_export_end_year=2066 (hard stop; cuts 1y from Asset Register:authorised_export_term_years),False,False
2063,measurement_central,cedar_lng,Cedar FLNG Terminal,under_construction,export,11.112555,10.706164375,0.40639062500000017,13.63726929530202,29.8,2028,39,Asset Register:authorised_export_end_year=2066 (hard stop; cuts 1y from Asset Register:authorised_export_term_years),False,False
2064,measurement_central,cedar_lng,Cedar FLNG Terminal,under_construction,export,11.112555,10.706164375,0.40639062500000017,13.63726929530202,29.8,2028,39,Asset Register:authorised_export_end_year=2066 (hard stop; cuts 1y from Asset Register:authorised_export_term_years),False,False
2065,measurement_central,cedar_lng,Cedar FLNG Terminal,under_construction,export,11.112555,10.706164375,0.40639062500000017,13.63726929530202,29.8,2028,39,Asset Register:authorised_export_end_year=2066 (hard stop; cuts 1y from Asset Register:authorised_export_term_years),False,False
2066,measurement_central,cedar_lng,Cedar FLNG Terminal,under_construction,export,11.112555,10.706164375,0.40639062500000017,13.63726929530202,29.8,2028,39,Asset Register:authorised_export_end_year=2066 (hard stop; cuts 1y from Asset Register:authorised_export_term_years),False,False
2027,measurement_central,woodfibre_lng,Woodfibre LNG Terminal,under_construction,export,2.9668799999999997,2.85838,0.10850000000000003,3.640939597315437,29.8,2027,31,Asset Register:authorised_export_end_year=2057 (hard stop; cuts 9y from Asset Register:authorised_export_term_years),False,False
2028,measurement_central,woodfibre_lng,Woodfibre LNG Terminal,under_construction,export,5.1920399999999995,5.002165,0.18987500000000004,6.371644295302015,29.8,2027,31,Asset Register:authorised_export_end_year=2057 (hard stop; cuts 9y from Asset Register:authorised_export_term_years),False,False
2029,measurement_central,woodfibre_lng,Woodfibre LNG Terminal,under_construction,export,6.2230308,5.99545205,0.22757875000000008,7.6368708053691305,29.8,2027,31,Asset Register:authorised_export_end_year=2057 (hard stop; cuts 9y from Asset Register:authorised_export_term_years),False,False
2030,measurement_central,woodfibre_lng,Woodfibre LNG Terminal,under_construction,export,6.2230308,5.99545205,0.22757875000000008,7.6368708053691305,29.8,2027,31,Asset Register:authorised_export_end_year=2057 (hard stop; cuts 9y from Asset Register:authorised_export_term_years),False,False
2031,measurement_central,woodfibre_lng,Woodfibre LNG Terminal,under_construction,export,6.2230308,5.99545205,0.22757875000000008,7.6368708053691305,29.8,2027,31,Asset Register:authorised_export_end_year=2057 (hard stop; cuts 9y from Asset Register:authorised_export_term_years),False,False
2032,measurement_central,woodfibre_lng,Woodfibre LNG Terminal,under_construction,export,6.2230308,5.99545205,0.22757875000000008,7.6368708053691305,29.8,2027,31,Asset Register:authorised_export_end_year=2057 (hard stop; cuts 9y from Asset Register:authorised_export_term_years),False,False
2033,measurement_central,woodfibre_lng,Woodfibre LNG Terminal,under_construction,export,6.2230308,5.99545205,0.22757875000000008,7.6368708053691305,29.8,2027,31,Asset Register:authorised_export_end_year=2057 (hard stop; cuts 9y from Asset Register:authorised_export_term_years),False,False
2034,measurement_central,woodfibre_lng,Woodfibre LNG Terminal,under_construction,export,6.2230308,5.99545205,0.22757875000000008,7.6368708053691305,29.8,2027,31,Asset Register:authorised_export_end_year=2057 (hard stop; cuts 9y from Asset Register:authorised_export_term_years),False,False
2035,measurement_central,woodfibre_lng,Woodfibre LNG Terminal,under_construction,export,6.2230308,5.99545205,0.22757875000000008,7.6368708053691305,29.8,2027,31,Asset Register:authorised_export_end_year=2057 (hard stop; cuts 9y from Asset Register:authorised_export_term_years),False,False
2036,measurement_central,woodfibre_lng,Woodfibre LNG Terminal,under_construction,export,6.2230308,5.99545205,0.22757875000000008,7.6368708053691305,29.8,2027,31,Asset Register:authorised_export_end_year=2057 (hard stop; cuts 9y from Asset Register:authorised_export_term_years),False,False
2037,measurement_central,woodfibre_lng,Woodfibre LNG Terminal,under_construction,export,6.2230308,5.99545205,0.22757875000000008,7.6368708053691305,29.8,2027,31,Asset Register:authorised_export_end_year=2057 (hard stop; cuts 9y from Asset Register:authorised_export_term_years),False,False
2038,measurement_central,woodfibre_lng,Woodfibre LNG Terminal,under_construction,export,6.2230308,5.99545205,0.22757875000000008,7.6368708053691305,29.8,2027,31,Asset Register:authorised_export_end_year=2057 (hard stop; cuts 9y from Asset Register:authorised_export_term_years),False,False
2039,measurement_central,woodfibre_lng,Woodfibre LNG Terminal,under_construction,export,6.2230308,5.99545205,0.22757875000000008,7.6368708053691305,29.8,2027,31,Asset Register:authorised_export_end_year=2057 (hard stop; cuts 9y from Asset Register:authorised_export_term_years),False,False
2040,measurement_central,woodfibre_lng,Woodfibre LNG Terminal,under_construction,export,6.2230308,5.99545205,0.22757875000000008,7.6368708053691305,29.8,2027,31,Asset Register:authorised_export_end_year=2057 (hard stop; cuts 9y from Asset Register:authorised_export_term_years),False,False
2041,measurement_central,woodfibre_lng,Woodfibre LNG Terminal,under_construction,export,6.2230308,5.99545205,0.22757875000000008,7.6368708053691305,29.8,2027,31,Asset Register:authorised_export_end_year=2057 (hard stop; cuts 9y from Asset Register:authorised_export_term_years),False,False
2042,measurement_central,woodfibre_lng,Woodfibre LNG Terminal,under_construction,export,6.2230308,5.99545205,0.22757875000000008,7.6368708053691305,29.8,2027,31,Asset Register:authorised_export_end_year=2057 (hard stop; cuts 9y from Asset Register:authorised_export_term_years),False,False
2043,measurement_central,woodfibre_lng,Woodfibre LNG Terminal,under_construction,export,6.2230308,5.99545205,0.22757875000000008,7.6368708053691305,29.8,2027,31,Asset Register:authorised_export_end_year=2057 (hard stop; cuts 9y from Asset Register:authorised_export_term_years),False,False
2044,measurement_central,woodfibre_lng,Woodfibre LNG Terminal,under_construction,export,6.2230308,5.99545205,0.22757875000000008,7.6368708053691305,29.8,2027,31,Asset Register:authorised_export_end_year=2057 (hard stop; cuts 9y from Asset Register:authorised_export_term_years),False,False
2045,measurement_central,woodfibre_lng,Woodfibre LNG Terminal,under_construction,export,6.2230308,5.99545205,0.22757875000000008,7.6368708053691305,29.8,2027,31,Asset Register:authorised_export_end_year=2057 (hard stop; cuts 9y from Asset Register:authorised_export_term_years),False,False
2046,measurement_central,woodfibre_lng,Woodfibre LNG Terminal,under_construction,export,6.2230308,5.99545205,0.22757875000000008,7.6368708053691305,29.8,2027,31,Asset Register:authorised_export_end_year=2057 (hard stop; cuts 9y from Asset Register:authorised_export_term_years),False,False
2047,measurement_central,woodfibre_lng,Woodfibre LNG Terminal,under_construction,export,6.2230308,5.99545205,0.22757875000000008,7.6368708053691305,29.8,2027,31,Asset Register:authorised_export_end_year=2057 (hard stop; cuts 9y from Asset Register:authorised_export_term_years),False,False
2048,measurement_central,woodfibre_lng,Woodfibre LNG Terminal,under_construction,export,6.2230308,5.99545205,0.22757875000000008,7.6368708053691305,29.8,2027,31,Asset Register:authorised_export_end_year=2057 (hard stop; cuts 9y from Asset Register:authorised_export_term_years),False,False
2049,measurement_central,woodfibre_lng,Woodfibre LNG Terminal,under_construction,export,6.2230308,5.99545205,0.22757875000000008,7.6368708053691305,29.8,2027,31,Asset Register:authorised_export_end_year=2057 (hard stop; cuts 9y from Asset Register:authorised_export_term_years),False,False
2050,measurement_central,woodfibre_lng,Woodfibre LNG Terminal,under_construction,export,6.2230308,5.99545205,0.22757875000000008,7.6368708053691305,29.8,2027,31,Asset Register:authorised_export_end_year=2057 (hard stop; cuts 9y from Asset Register:authorised_export_term_years),False,False
2051,measurement_central,woodfibre_lng,Woodfibre LNG Terminal,under_construction,export,6.2230308,5.99545205,0.22757875000000008,7.6368708053691305,29.8,2027,31,Asset Register:authorised_export_end_year=2057 (hard stop; cuts 9y from Asset Register:authorised_export_term_years),False,False
2052,measurement_central,woodfibre_lng,Woodfibre LNG Terminal,under_construction,export,6.2230308,5.99545205,0.22757875000000008,7.6368708053691305,29.8,2027,31,Asset Register:authorised_export_end_year=2057 (hard stop; cuts 9y from Asset Register:authorised_export_term_years),False,False
2053,measurement_central,woodfibre_lng,Woodfibre LNG Terminal,under_construction,export,6.2230308,5.99545205,0.22757875000000008,7.6368708053691305,29.8,2027,31,Asset Register:authorised_export_end_year=2057 (hard stop; cuts 9y from Asset Register:authorised_export_term_years),False,False
2054,measurement_central,woodfibre_lng,Woodfibre LNG Terminal,under_construction,export,6.2230308,5.99545205,0.22757875000000008,7.6368708053691305,29.8,2027,31,Asset Register:authorised_export_end_year=2057 (hard stop; cuts 9y from Asset Register:authorised_export_term_years),False,False
2055,measurement_central,woodfibre_lng,Woodfibre LNG Terminal,under_construction,export,6.2230308,5.99545205,0.22757875000000008,7.6368708053691305,29.8,2027,31,Asset Register:authorised_export_end_year=2057 (hard stop; cuts 9y from Asset Register:authorised_export_term_years),False,False
2056,measurement_central,woodfibre_lng,Woodfibre LNG Terminal,under_construction,export,6.2230308,5.99545205,0.22757875000000008,7.6368708053691305,29.8,2027,31,Asset Register:authorised_export_end_year=2057 (hard stop; cuts 9y from Asset Register:authorised_export_term_years),False,False
2057,measurement_central,woodfibre_lng,Woodfibre LNG Terminal,under_construction,export,6.2230308,5.99545205,0.22757875000000008,7.6368708053691305,29.8,2027,31,Asset Register:authorised_export_end_year=2057 (hard stop; cuts 9y from Asset Register:authorised_export_term_years),False,False
2031,measurement_central,lng_canada_phase_2,LNG Canada Terminal,under_construction,export,19.7792,19.055866666666663,0.7233333333333335,24.27293064876958,29.8,2031,26,Asset Register:authorised_export_end_year=2056 (hard stop; cuts 14y from Asset Register:authorised_export_term_years),False,False
2032,measurement_central,lng_canada_phase_2,LNG Canada Terminal,under_construction,export,34.613600000000005,33.347766666666665,1.2658333333333338,42.47762863534677,29.8,2031,26,Asset Register:authorised_export_end_year=2056 (hard stop; cuts 14y from Asset Register:authorised_export_term_years),False,False
2033,measurement_central,lng_canada_phase_2,LNG Canada Terminal,under_construction,export,41.486872000000005,39.96968033333333,1.5171916666666672,50.9124720357942,29.8,2031,26,Asset Register:authorised_export_end_year=2056 (hard stop; cuts 14y from Asset Register:authorised_export_term_years),False,False
2034,measurement_central,lng_canada_phase_2,LNG Canada Terminal,under_construction,export,41.486872000000005,39.96968033333333,1.5171916666666672,50.9124720357942,29.8,2031,26,Asset Register:authorised_export_end_year=2056 (hard stop; cuts 14y from Asset Register:authorised_export_term_years),False,False
2035,measurement_central,lng_canada_phase_2,LNG Canada Terminal,under_construction,export,41.486872000000005,39.96968033333333,1.5171916666666672,50.9124720357942,29.8,2031,26,Asset Register:authorised_export_end_year=2056 (hard stop; cuts 14y from Asset Register:authorised_export_term_years),False,False
2036,measurement_central,lng_canada_phase_2,LNG Canada Terminal,under_construction,export,41.486872000000005,39.96968033333333,1.5171916666666672,50.9124720357942,29.8,2031,26,Asset Register:authorised_export_end_year=2056 (hard stop; cuts 14y from Asset Register:authorised_export_term_years),False,False
2037,measurement_central,lng_canada_phase_2,LNG Canada Terminal,under_construction,export,41.486872000000005,39.96968033333333,1.5171916666666672,50.9124720357942,29.8,2031,26,Asset Register:authorised_export_end_year=2056 (hard stop; cuts 14y from Asset Register:authorised_export_term_years),False,False
2038,measurement_central,lng_canada_phase_2,LNG Canada Terminal,under_construction,export,41.486872000000005,39.96968033333333,1.5171916666666672,50.9124720357942,29.8,2031,26,Asset Register:authorised_export_end_year=2056 (hard stop; cuts 14y from Asset Register:authorised_export_term_years),False,False
2039,measurement_central,lng_canada_phase_2,LNG Canada Terminal,under_construction,export,41.486872000000005,39.96968033333333,1.5171916666666672,50.9124720357942,29.8,2031,26,Asset Register:authorised_export_end_year=2056 (hard stop; cuts 14y from Asset Register:authorised_export_term_years),False,False
2040,measurement_central,lng_canada_phase_2,LNG Canada Terminal,under_construction,export,41.486872000000005,39.96968033333333,1.5171916666666672,50.9124720357942,29.8,2031,26,Asset Register:authorised_export_end_year=2056 (hard stop; cuts 14y from Asset Register:authorised_export_term_years),False,False
2041,measurement_central,lng_canada_phase_2,LNG Canada Terminal,under_construction,export,41.486872000000005,39.96968033333333,1.5171916666666672,50.9124720357942,29.8,2031,26,Asset Register:authorised_export_end_year=2056 (hard stop; cuts 14y from Asset Register:authorised_export_term_years),False,False
2042,measurement_central,lng_canada_phase_2,LNG Canada Terminal,under_construction,export,41.486872000000005,39.96968033333333,1.5171916666666672,50.9124720357942,29.8,2031,26,Asset Register:authorised_export_end_year=2056 (hard stop; cuts 14y from Asset Register:authorised_export_term_years),False,False
2043,measurement_central,lng_canada_phase_2,LNG Canada Terminal,under_construction,export,41.486872000000005,39.96968033333333,1.5171916666666672,50.9124720357942,29.8,2031,26,Asset Register:authorised_export_end_year=2056 (hard stop; cuts 14y from Asset Register:authorised_export_term_years),False,False
2044,measurement_central,lng_canada_phase_2,LNG Canada Terminal,under_construction,export,41.486872000000005,39.96968033333333,1.5171916666666672,50.9124720357942,29.8,2031,26,Asset Register:authorised_export_end_year=2056 (hard stop; cuts 14y from Asset Register:authorised_export_term_years),False,False
2045,measurement_central,lng_canada_phase_2,LNG Canada Terminal,under_construction,export,41.486872000000005,39.96968033333333,1.5171916666666672,50.9124720357942,29.8,2031,26,Asset Register:authorised_export_end_year=2056 (hard stop; cuts 14y from Asset Register:authorised_export_term_years),False,False
2046,measurement_central,lng_canada_phase_2,LNG Canada Terminal,under_construction,export,41.486872000000005,39.96968033333333,1.5171916666666672,50.9124720357942,29.8,2031,26,Asset Register:authorised_export_end_year=2056 (hard stop; cuts 14y from Asset Register:authorised_export_term_years),False,False
2047,measurement_central,lng_canada_phase_2,LNG Canada Terminal,under_construction,export,41.486872000000005,39.96968033333333,1.5171916666666672,50.9124720357942,29.8,2031,26,Asset Register:authorised_export_end_year=2056 (hard stop; cuts 14y from Asset Register:authorised_export_term_years),False,False
2048,measurement_central,lng_canada_phase_2,LNG Canada Terminal,under_construction,export,41.486872000000005,39.96968033333333,1.5171916666666672,50.9124720357942,29.8,2031,26,Asset Register:authorised_export_end_year=2056 (hard stop; cuts 14y from Asset Register:authorised_export_term_years),False,False
2049,measurement_central,lng_canada_phase_2,LNG Canada Terminal,under_construction,export,41.486872000000005,39.96968033333333,1.5171916666666672,50.9124720357942,29.8,2031,26,Asset Register:authorised_export_end_year=2056 (hard stop; cuts 14y from Asset Register:authorised_export_term_years),False,False
2050,measurement_central,lng_canada_phase_2,LNG Canada Terminal,under_construction,export,41.486872000000005,39.96968033333333,1.5171916666666672,50.9124720357942,29.8,2031,26,Asset Register:authorised_export_end_year=2056 (hard stop; cuts 14y from Asset Register:authorised_export_term_years),False,False
2051,measurement_central,lng_canada_phase_2,LNG Canada Terminal,under_construction,export,41.486872000000005,39.96968033333333,1.5171916666666672,50.9124720357942,29.8,2031,26,Asset Register:authorised_export_end_year=2056 (hard stop; cuts 14y from Asset Register:authorised_export_term_years),False,False
2052,measurement_central,lng_canada_phase_2,LNG Canada Terminal,under_construction,export,41.486872000000005,39.96968033333333,1.5171916666666672,50.9124720357942,29.8,2031,26,Asset Register:authorised_export_end_year=2056 (hard stop; cuts 14y from Asset Register:authorised_export_term_years),False,False
2053,measurement_central,lng_canada_phase_2,LNG Canada Terminal,under_construction,export,41.486872000000005,39.96968033333333,1.5171916666666672,50.9124720357942,29.8,2031,26,Asset Register:authorised_export_end_year=2056 (hard stop; cuts 14y from Asset Register:authorised_export_term_years),False,False
2054,measurement_central,lng_canada_phase_2,LNG Canada Terminal,under_construction,export,41.486872000000005,39.96968033333333,1.5171916666666672,50.9124720357942,29.8,2031,26,Asset Register:authorised_export_end_year=2056 (hard stop; cuts 14y from Asset Register:authorised_export_term_years),False,False
2055,measurement_central,lng_canada_phase_2,LNG Canada Terminal,under_construction,export,41.486872000000005,39.96968033333333,1.5171916666666672,50.9124720357942,29.8,2031,26,Asset Register:authorised_export_end_year=2056 (hard stop; cuts 14y from Asset Register:authorised_export_term_years),False,False
2056,measurement_central,lng_canada_phase_2,LNG Canada Terminal,under_construction,export,41.486872000000005,39.96968033333333,1.5171916666666672,50.9124720357942,29.8,2031,26,Asset Register:authorised_export_end_year=2056 (hard stop; cuts 14y from Asset Register:authorised_export_term_years),False,False
2032,measurement_central,ksi_lisims_lng,Ksi Lisims FLNG Terminal,proposed,export,16.953599999999998,16.333599999999997,0.6200000000000002,20.805369127516787,29.8,2032,32,Asset Register:authorised_export_end_year=2063 (hard stop; cuts 8y from Asset Register:authorised_export_term_years),False,False
2033,measurement_central,ksi_lisims_lng,Ksi Lisims FLNG Terminal,proposed,export,29.6688,28.5838,1.0850000000000004,36.409395973154375,29.8,2032,32,Asset Register:authorised_export_end_year=2063 (hard stop; cuts 8y from Asset Register:authorised_export_term_years),False,False
2034,measurement_central,ksi_lisims_lng,Ksi Lisims FLNG Terminal,proposed,export,35.560176,34.25972599999999,1.3004500000000003,43.639261744966454,29.8,2032,32,Asset Register:authorised_export_end_year=2063 (hard stop; cuts 8y from Asset Register:authorised_export_term_years),False,False
2035,measurement_central,ksi_lisims_lng,Ksi Lisims FLNG Terminal,proposed,export,35.560176,34.25972599999999,1.3004500000000003,43.639261744966454,29.8,2032,32,Asset Register:authorised_export_end_year=2063 (hard stop; cuts 8y from Asset Register:authorised_export_term_years),False,False
2036,measurement_central,ksi_lisims_lng,Ksi Lisims FLNG Terminal,proposed,export,35.560176,34.25972599999999,1.3004500000000003,43.639261744966454,29.8,2032,32,Asset Register:authorised_export_end_year=2063 (hard stop; cuts 8y from Asset Register:authorised_export_term_years),False,False
2037,measurement_central,ksi_lisims_lng,Ksi Lisims FLNG Terminal,proposed,export,35.560176,34.25972599999999,1.3004500000000003,43.639261744966454,29.8,2032,32,Asset Register:authorised_export_end_year=2063 (hard stop; cuts 8y from Asset Register:authorised_export_term_years),False,False
2038,measurement_central,ksi_lisims_lng,Ksi Lisims FLNG Terminal,proposed,export,35.560176,34.25972599999999,1.3004500000000003,43.639261744966454,29.8,2032,32,Asset Register:authorised_export_end_year=2063 (hard stop; cuts 8y from Asset Register:authorised_export_term_years),False,False
2039,measurement_central,ksi_lisims_lng,Ksi Lisims FLNG Terminal,proposed,export,35.560176,34.25972599999999,1.3004500000000003,43.639261744966454,29.8,2032,32,Asset Register:authorised_export_end_year=2063 (hard stop; cuts 8y from Asset Register:authorised_export_term_years),False,False
2040,measurement_central,ksi_lisims_lng,Ksi Lisims FLNG Terminal,proposed,export,35.560176,34.25972599999999,1.3004500000000003,43.639261744966454,29.8,2032,32,Asset Register:authorised_export_end_year=2063 (hard stop; cuts 8y from Asset Register:authorised_export_term_years),False,False
2041,measurement_central,ksi_lisims_lng,Ksi Lisims FLNG Terminal,proposed,export,35.560176,34.25972599999999,1.3004500000000003,43.639261744966454,29.8,2032,32,Asset Register:authorised_export_end_year=2063 (hard stop; cuts 8y from Asset Register:authorised_export_term_years),False,False
2042,measurement_central,ksi_lisims_lng,Ksi Lisims FLNG Terminal,proposed,export,35.560176,34.25972599999999,1.3004500000000003,43.639261744966454,29.8,2032,32,Asset Register:authorised_export_end_year=2063 (hard stop; cuts 8y from Asset Register:authorised_export_term_years),False,False
2043,measurement_central,ksi_lisims_lng,Ksi Lisims FLNG Terminal,proposed,export,35.560176,34.25972599999999,1.3004500000000003,43.639261744966454,29.8,2032,32,Asset Register:authorised_export_end_year=2063 (hard stop; cuts 8y from Asset Register:authorised_export_term_years),False,False
2044,measurement_central,ksi_lisims_lng,Ksi Lisims FLNG Terminal,proposed,export,35.560176,34.25972599999999,1.3004500000000003,43.639261744966454,29.8,2032,32,Asset Register:authorised_export_end_year=2063 (hard stop; cuts 8y from Asset Register:authorised_export_term_years),False,False
2045,measurement_central,ksi_lisims_lng,Ksi Lisims FLNG Terminal,proposed,export,35.560176,34.25972599999999,1.3004500000000003,43.639261744966454,29.8,2032,32,Asset Register:authorised_export_end_year=2063 (hard stop; cuts 8y from Asset Register:authorised_export_term_years),False,False
2046,measurement_central,ksi_lisims_lng,Ksi Lisims FLNG Terminal,proposed,export,35.560176,34.25972599999999,1.3004500000000003,43.639261744966454,29.8,2032,32,Asset Register:authorised_export_end_year=2063 (hard stop; cuts 8y from Asset Register:authorised_export_term_years),False,False
2047,measurement_central,ksi_lisims_lng,Ksi Lisims FLNG Terminal,proposed,export,35.560176,34.25972599999999,1.3004500000000003,43.639261744966454,29.8,2032,32,Asset Register:authorised_export_end_year=2063 (hard stop; cuts 8y from Asset Register:authorised_export_term_years),False,False
2048,measurement_central,ksi_lisims_lng,Ksi Lisims FLNG Terminal,proposed,export,35.560176,34.25972599999999,1.3004500000000003,43.639261744966454,29.8,2032,32,Asset Register:authorised_export_end_year=2063 (hard stop; cuts 8y from Asset Register:authorised_export_term_years),False,False
2049,measurement_central,ksi_lisims_lng,Ksi Lisims FLNG Terminal,proposed,export,35.560176,34.25972599999999,1.3004500000000003,43.639261744966454,29.8,2032,32,Asset Register:authorised_export_end_year=2063 (hard stop; cuts 8y from Asset Register:authorised_export_term_years),False,False
2050,measurement_central,ksi_lisims_lng,Ksi Lisims FLNG Terminal,proposed,export,35.560176,34.25972599999999,1.3004500000000003,43.639261744966454,29.8,2032,32,Asset Register:authorised_export_end_year=2063 (hard stop; cuts 8y from Asset Register:authorised_export_term_years),False,False
2051,measurement_central,ksi_lisims_lng,Ksi Lisims FLNG Terminal,proposed,export,35.560176,34.25972599999999,1.3004500000000003,43.639261744966454,29.8,2032,32,Asset Register:authorised_export_end_year=2063 (hard stop; cuts 8y from Asset Register:authorised_export_term_years),False,False
2052,measurement_central,ksi_lisims_lng,Ksi Lisims FLNG Terminal,proposed,export,35.560176,34.25972599999999,1.3004500000000003,43.639261744966454,29.8,2032,32,Asset Register:authorised_export_end_year=2063 (hard stop; cuts 8y from Asset Register:authorised_export_term_years),False,False
2053,measurement_central,ksi_lisims_lng,Ksi Lisims FLNG Terminal,proposed,export,35.560176,34.25972599999999,1.3004500000000003,43.639261744966454,29.8,2032,32,Asset Register:authorised_export_end_year=2063 (hard stop; cuts 8y from Asset Register:authorised_export_term_years),False,False
2054,measurement_central,ksi_lisims_lng,Ksi Lisims FLNG Terminal,proposed,export,35.560176,34.25972599999999,1.3004500000000003,43.639261744966454,29.8,2032,32,Asset Register:authorised_export_end_year=2063 (hard stop; cuts 8y from Asset Register:authorised_export_term_years),False,False
2055,measurement_central,ksi_lisims_lng,Ksi Lisims FLNG Terminal,proposed,export,35.560176,34.25972599999999,1.3004500000000003,43.639261744966454,29.8,2032,32,Asset Register:authorised_export_end_year=2063 (hard stop; cuts 8y from Asset Register:authorised_export_term_years),False,False
2056,measurement_central,ksi_lisims_lng,Ksi Lisims FLNG Terminal,proposed,export,35.560176,34.25972599999999,1.3004500000000003,43.639261744966454,29.8,2032,32,Asset Register:authorised_export_end_year=2063 (hard stop; cuts 8y from Asset Register:authorised_export_term_years),False,False
2057,measurement_central,ksi_lisims_lng,Ksi Lisims FLNG Terminal,proposed,export,35.560176,34.25972599999999,1.3004500000000003,43.639261744966454,29.8,2032,32,Asset Register:authorised_export_end_year=2063 (hard stop; cuts 8y from Asset Register:authorised_export_term_years),False,False
2058,measurement_central,ksi_lisims_lng,Ksi Lisims FLNG Terminal,proposed,export,35.560176,34.25972599999999,1.3004500000000003,43.639261744966454,29.8,2032,32,Asset Register:authorised_export_end_year=2063 (hard stop; cuts 8y from Asset Register:authorised_export_term_years),False,False
2059,measurement_central,ksi_lisims_lng,Ksi Lisims FLNG Terminal,proposed,export,35.560176,34.25972599999999,1.3004500000000003,43.639261744966454,29.8,2032,32,Asset Register:authorised_export_end_year=2063 (hard stop; cuts 8y from Asset Register:authorised_export_term_years),False,False
2060,measurement_central,ksi_lisims_lng,Ksi Lisims FLNG Terminal,proposed,export,35.560176,34.25972599999999,1.3004500000000003,43.639261744966454,29.8,2032,32,Asset Register:authorised_export_end_year=2063 (hard stop; cuts 8y from Asset Register:authorised_export_term_years),False,False
2061,measurement_central,ksi_lisims_lng,Ksi Lisims FLNG Terminal,proposed,export,35.560176,34.25972599999999,1.3004500000000003,43.639261744966454,29.8,2032,32,Asset Register:authorised_export_end_year=2063 (hard stop; cuts 8y from Asset Register:authorised_export_term_years),False,False
2062,measurement_central,ksi_lisims_lng,Ksi Lisims FLNG Terminal,proposed,export,35.560176,34.25972599999999,1.3004500000000003,43.639261744966454,29.8,2032,32,Asset Register:authorised_export_end_year=2063 (hard stop; cuts 8y from Asset Register:authorised_export_term_years),False,False
2063,measurement_central,ksi_lisims_lng,Ksi Lisims FLNG Terminal,proposed,export,35.560176,34.25972599999999,1.3004500000000003,43.639261744966454,29.8,2032,32,Asset Register:authorised_export_end_year=2063 (hard stop; cuts 8y from Asset Register:authorised_export_term_years),False,False
2035,measurement_central,marinvest_baie_comeau,"Kino Aski LNG (formerly Marinvest Energy, Baie-Comeau)",proposed,export,21.036631578947368,20.309105263157896,0.7275263157894738,24.413634758036032,29.8,2030,40,Parameters:lifecycle_years_default,True,False
2036,measurement_central,marinvest_baie_comeau,"Kino Aski LNG (formerly Marinvest Energy, Baie-Comeau)",proposed,export,36.8141052631579,35.540934210526316,1.2731710526315791,42.723860826563055,29.8,2030,40,Parameters:lifecycle_years_default,True,False
2037,measurement_central,marinvest_baie_comeau,"Kino Aski LNG (formerly Marinvest Energy, Baie-Comeau)",proposed,export,44.12433473684211,42.598348289473684,1.5259864473684215,51.207598904980586,29.8,2030,40,Parameters:lifecycle_years_default,True,False
2038,measurement_central,marinvest_baie_comeau,"Kino Aski LNG (formerly Marinvest Energy, Baie-Comeau)",proposed,export,44.12433473684211,42.598348289473684,1.5259864473684215,51.207598904980586,29.8,2030,40,Parameters:lifecycle_years_default,True,False
2039,measurement_central,marinvest_baie_comeau,"Kino Aski LNG (formerly Marinvest Energy, Baie-Comeau)",proposed,export,44.12433473684211,42.598348289473684,1.5259864473684215,51.207598904980586,29.8,2030,40,Parameters:lifecycle_years_default,True,False
2040,measurement_central,marinvest_baie_comeau,"Kino Aski LNG (formerly Marinvest Energy, Baie-Comeau)",proposed,export,44.12433473684211,42.598348289473684,1.5259864473684215,51.207598904980586,29.8,2030,40,Parameters:lifecycle_years_default,True,False
2041,measurement_central,marinvest_baie_comeau,"Kino Aski LNG (formerly Marinvest Energy, Baie-Comeau)",proposed,export,44.12433473684211,42.598348289473684,1.5259864473684215,51.207598904980586,29.8,2030,40,Parameters:lifecycle_years_default,True,False
2042,measurement_central,marinvest_baie_comeau,"Kino Aski LNG (formerly Marinvest Energy, Baie-Comeau)",proposed,export,44.12433473684211,42.598348289473684,1.5259864473684215,51.207598904980586,29.8,2030,40,Parameters:lifecycle_years_default,True,False
2043,measurement_central,marinvest_baie_comeau,"Kino Aski LNG (formerly Marinvest Energy, Baie-Comeau)",proposed,export,44.12433473684211,42.598348289473684,1.5259864473684215,51.207598904980586,29.8,2030,40,Parameters:lifecycle_years_default,True,False
2044,measurement_central,marinvest_baie_comeau,"Kino Aski LNG (formerly Marinvest Energy, Baie-Comeau)",proposed,export,44.12433473684211,42.598348289473684,1.5259864473684215,51.207598904980586,29.8,2030,40,Parameters:lifecycle_years_default,True,False
2045,measurement_central,marinvest_baie_comeau,"Kino Aski LNG (formerly Marinvest Energy, Baie-Comeau)",proposed,export,44.12433473684211,42.598348289473684,1.5259864473684215,51.207598904980586,29.8,2030,40,Parameters:lifecycle_years_default,True,False
2046,measurement_central,marinvest_baie_comeau,"Kino Aski LNG (formerly Marinvest Energy, Baie-Comeau)",proposed,export,44.12433473684211,42.598348289473684,1.5259864473684215,51.207598904980586,29.8,2030,40,Parameters:lifecycle_years_default,True,False
2047,measurement_central,marinvest_baie_comeau,"Kino Aski LNG (formerly Marinvest Energy, Baie-Comeau)",proposed,export,44.12433473684211,42.598348289473684,1.5259864473684215,51.207598904980586,29.8,2030,40,Parameters:lifecycle_years_default,True,False
2048,measurement_central,marinvest_baie_comeau,"Kino Aski LNG (formerly Marinvest Energy, Baie-Comeau)",proposed,export,44.12433473684211,42.598348289473684,1.5259864473684215,51.207598904980586,29.8,2030,40,Parameters:lifecycle_years_default,True,False
2049,measurement_central,marinvest_baie_comeau,"Kino Aski LNG (formerly Marinvest Energy, Baie-Comeau)",proposed,export,44.12433473684211,42.598348289473684,1.5259864473684215,51.207598904980586,29.8,2030,40,Parameters:lifecycle_years_default,True,False
2050,measurement_central,marinvest_baie_comeau,"Kino Aski LNG (formerly Marinvest Energy, Baie-Comeau)",proposed,export,44.12433473684211,42.598348289473684,1.5259864473684215,51.207598904980586,29.8,2030,40,Parameters:lifecycle_years_default,True,False
2051,measurement_central,marinvest_baie_comeau,"Kino Aski LNG (formerly Marinvest Energy, Baie-Comeau)",proposed,export,44.12433473684211,42.598348289473684,1.5259864473684215,51.207598904980586,29.8,2030,40,Parameters:lifecycle_years_default,True,False
2052,measurement_central,marinvest_baie_comeau,"Kino Aski LNG (formerly Marinvest Energy, Baie-Comeau)",proposed,export,44.12433473684211,42.598348289473684,1.5259864473684215,51.207598904980586,29.8,2030,40,Parameters:lifecycle_years_default,True,False
2053,measurement_central,marinvest_baie_comeau,"Kino Aski LNG (formerly Marinvest Energy, Baie-Comeau)",proposed,export,44.12433473684211,42.598348289473684,1.5259864473684215,51.207598904980586,29.8,2030,40,Parameters:lifecycle_years_default,True,False
2054,measurement_central,marinvest_baie_comeau,"Kino Aski LNG (formerly Marinvest Energy, Baie-Comeau)",proposed,export,44.12433473684211,42.598348289473684,1.5259864473684215,51.207598904980586,29.8,2030,40,Parameters:lifecycle_years_default,True,False
2055,measurement_central,marinvest_baie_comeau,"Kino Aski LNG (formerly Marinvest Energy, Baie-Comeau)",proposed,export,44.12433473684211,42.598348289473684,1.5259864473684215,51.207598904980586,29.8,2030,40,Parameters:lifecycle_years_default,True,False
2056,measurement_central,marinvest_baie_comeau,"Kino Aski LNG (formerly Marinvest Energy, Baie-Comeau)",proposed,export,44.12433473684211,42.598348289473684,1.5259864473684215,51.207598904980586,29.8,2030,40,Parameters:lifecycle_years_default,True,False
2057,measurement_central,marinvest_baie_comeau,"Kino Aski LNG (formerly Marinvest Energy, Baie-Comeau)",proposed,export,44.12433473684211,42.598348289473684,1.5259864473684215,51.207598904980586,29.8,2030,40,Parameters:lifecycle_years_default,True,False
2058,measurement_central,marinvest_baie_comeau,"Kino Aski LNG (formerly Marinvest Energy, Baie-Comeau)",proposed,export,44.12433473684211,42.598348289473684,1.5259864473684215,51.207598904980586,29.8,2030,40,Parameters:lifecycle_years_default,True,False
2059,measurement_central,marinvest_baie_comeau,"Kino Aski LNG (formerly Marinvest Energy, Baie-Comeau)",proposed,export,44.12433473684211,42.598348289473684,1.5259864473684215,51.207598904980586,29.8,2030,40,Parameters:lifecycle_years_default,True,False
2060,measurement_central,marinvest_baie_comeau,"Kino Aski LNG (formerly Marinvest Energy, Baie-Comeau)",proposed,export,44.12433473684211,42.598348289473684,1.5259864473684215,51.207598904980586,29.8,2030,40,Parameters:lifecycle_years_default,True,False
2061,measurement_central,marinvest_baie_comeau,"Kino Aski LNG (formerly Marinvest Energy, Baie-Comeau)",proposed,export,44.12433473684211,42.598348289473684,1.5259864473684215,51.207598904980586,29.8,2030,40,Parameters:lifecycle_years_default,True,False
2062,measurement_central,marinvest_baie_comeau,"Kino Aski LNG (formerly Marinvest Energy, Baie-Comeau)",proposed,export,44.12433473684211,42.598348289473684,1.5259864473684215,51.207598904980586,29.8,2030,40,Parameters:lifecycle_years_default,True,False
2063,measurement_central,marinvest_baie_comeau,"Kino Aski LNG (formerly Marinvest Energy, Baie-Comeau)",proposed,export,44.12433473684211,42.598348289473684,1.5259864473684215,51.207598904980586,29.8,2030,40,Parameters:lifecycle_years_default,True,False
2064,measurement_central,marinvest_baie_comeau,"Kino Aski LNG (formerly Marinvest Energy, Baie-Comeau)",proposed,export,44.12433473684211,42.598348289473684,1.5259864473684215,51.207598904980586,29.8,2030,40,Parameters:lifecycle_years_default,True,False
2065,measurement_central,marinvest_baie_comeau,"Kino Aski LNG (formerly Marinvest Energy, Baie-Comeau)",proposed,export,44.12433473684211,42.598348289473684,1.5259864473684215,51.207598904980586,29.8,2030,40,Parameters:lifecycle_years_default,True,False
2066,measurement_central,marinvest_baie_comeau,"Kino Aski LNG (formerly Marinvest Energy, Baie-Comeau)",proposed,export,44.12433473684211,42.598348289473684,1.5259864473684215,51.207598904980586,29.8,2030,40,Parameters:lifecycle_years_default,True,False
2067,measurement_central,marinvest_baie_comeau,"Kino Aski LNG (formerly Marinvest Energy, Baie-Comeau)",proposed,export,44.12433473684211,42.598348289473684,1.5259864473684215,51.207598904980586,29.8,2030,40,Parameters:lifecycle_years_default,True,False
2068,measurement_central,marinvest_baie_comeau,"Kino Aski LNG (formerly Marinvest Energy, Baie-Comeau)",proposed,export,44.12433473684211,42.598348289473684,1.5259864473684215,51.207598904980586,29.8,2030,40,Parameters:lifecycle_years_default,True,False
2069,measurement_central,marinvest_baie_comeau,"Kino Aski LNG (formerly Marinvest Energy, Baie-Comeau)",proposed,export,44.12433473684211,42.598348289473684,1.5259864473684215,51.207598904980586,29.8,2030,40,Parameters:lifecycle_years_default,True,False
2035,measurement_central,summit_lake_pg_lng,Summit Lake PG LNG,proposed,export,3.81456,3.67506,0.13950000000000004,4.681208053691276,29.8,2030,35,Asset Register:project_life_years + fid_delay_mid=5y (delay moves the life later; operating years kept),True,False
2036,measurement_central,summit_lake_pg_lng,Summit Lake PG LNG,proposed,export,6.6754799999999985,6.431354999999998,0.24412500000000004,8.192114093959733,29.8,2030,35,Asset Register:project_life_years + fid_delay_mid=5y (delay moves the life later; operating years kept),True,False
2037,measurement_central,summit_lake_pg_lng,Summit Lake PG LNG,proposed,export,8.0010396,7.708438349999999,0.2926012500000001,9.818833892617453,29.8,2030,35,Asset Register:project_life_years + fid_delay_mid=5y (delay moves the life later; operating years kept),True,False
2038,measurement_central,summit_lake_pg_lng,Summit Lake PG LNG,proposed,export,8.0010396,7.708438349999999,0.2926012500000001,9.818833892617453,29.8,2030,35,Asset Register:project_life_years + fid_delay_mid=5y (delay moves the life later; operating years kept),True,False
2039,measurement_central,summit_lake_pg_lng,Summit Lake PG LNG,proposed,export,8.0010396,7.708438349999999,0.2926012500000001,9.818833892617453,29.8,2030,35,Asset Register:project_life_years + fid_delay_mid=5y (delay moves the life later; operating years kept),True,False
2040,measurement_central,summit_lake_pg_lng,Summit Lake PG LNG,proposed,export,8.0010396,7.708438349999999,0.2926012500000001,9.818833892617453,29.8,2030,35,Asset Register:project_life_years + fid_delay_mid=5y (delay moves the life later; operating years kept),True,False
2041,measurement_central,summit_lake_pg_lng,Summit Lake PG LNG,proposed,export,8.0010396,7.708438349999999,0.2926012500000001,9.818833892617453,29.8,2030,35,Asset Register:project_life_years + fid_delay_mid=5y (delay moves the life later; operating years kept),True,False
2042,measurement_central,summit_lake_pg_lng,Summit Lake PG LNG,proposed,export,8.0010396,7.708438349999999,0.2926012500000001,9.818833892617453,29.8,2030,35,Asset Register:project_life_years + fid_delay_mid=5y (delay moves the life later; operating years kept),True,False
2043,measurement_central,summit_lake_pg_lng,Summit Lake PG LNG,proposed,export,8.0010396,7.708438349999999,0.2926012500000001,9.818833892617453,29.8,2030,35,Asset Register:project_life_years + fid_delay_mid=5y (delay moves the life later; operating years kept),True,False
2044,measurement_central,summit_lake_pg_lng,Summit Lake PG LNG,proposed,export,8.0010396,7.708438349999999,0.2926012500000001,9.818833892617453,29.8,2030,35,Asset Register:project_life_years + fid_delay_mid=5y (delay moves the life later; operating years kept),True,False
2045,measurement_central,summit_lake_pg_lng,Summit Lake PG LNG,proposed,export,8.0010396,7.708438349999999,0.2926012500000001,9.818833892617453,29.8,2030,35,Asset Register:project_life_years + fid_delay_mid=5y (delay moves the life later; operating years kept),True,False
2046,measurement_central,summit_lake_pg_lng,Summit Lake PG LNG,proposed,export,8.0010396,7.708438349999999,0.2926012500000001,9.818833892617453,29.8,2030,35,Asset Register:project_life_years + fid_delay_mid=5y (delay moves the life later; operating years kept),True,False
2047,measurement_central,summit_lake_pg_lng,Summit Lake PG LNG,proposed,export,8.0010396,7.708438349999999,0.2926012500000001,9.818833892617453,29.8,2030,35,Asset Register:project_life_years + fid_delay_mid=5y (delay moves the life later; operating years kept),True,False
2048,measurement_central,summit_lake_pg_lng,Summit Lake PG LNG,proposed,export,8.0010396,7.708438349999999,0.2926012500000001,9.818833892617453,29.8,2030,35,Asset Register:project_life_years + fid_delay_mid=5y (delay moves the life later; operating years kept),True,False
2049,measurement_central,summit_lake_pg_lng,Summit Lake PG LNG,proposed,export,8.0010396,7.708438349999999,0.2926012500000001,9.818833892617453,29.8,2030,35,Asset Register:project_life_years + fid_delay_mid=5y (delay moves the life later; operating years kept),True,False
2050,measurement_central,summit_lake_pg_lng,Summit Lake PG LNG,proposed,export,8.0010396,7.708438349999999,0.2926012500000001,9.818833892617453,29.8,2030,35,Asset Register:project_life_years + fid_delay_mid=5y (delay moves the life later; operating years kept),True,False
2051,measurement_central,summit_lake_pg_lng,Summit Lake PG LNG,proposed,export,8.0010396,7.708438349999999,0.2926012500000001,9.818833892617453,29.8,2030,35,Asset Register:project_life_years + fid_delay_mid=5y (delay moves the life later; operating years kept),True,False
2052,measurement_central,summit_lake_pg_lng,Summit Lake PG LNG,proposed,export,8.0010396,7.708438349999999,0.2926012500000001,9.818833892617453,29.8,2030,35,Asset Register:project_life_years + fid_delay_mid=5y (delay moves the life later; operating years kept),True,False
2053,measurement_central,summit_lake_pg_lng,Summit Lake PG LNG,proposed,export,8.0010396,7.708438349999999,0.2926012500000001,9.818833892617453,29.8,2030,35,Asset Register:project_life_years + fid_delay_mid=5y (delay moves the life later; operating years kept),True,False
2054,measurement_central,summit_lake_pg_lng,Summit Lake PG LNG,proposed,export,8.0010396,7.708438349999999,0.2926012500000001,9.818833892617453,29.8,2030,35,Asset Register:project_life_years + fid_delay_mid=5y (delay moves the life later; operating years kept),True,False
2055,measurement_central,summit_lake_pg_lng,Summit Lake PG LNG,proposed,export,8.0010396,7.708438349999999,0.2926012500000001,9.818833892617453,29.8,2030,35,Asset Register:project_life_years + fid_delay_mid=5y (delay moves the life later; operating years kept),True,False
2056,measurement_central,summit_lake_pg_lng,Summit Lake PG LNG,proposed,export,8.0010396,7.708438349999999,0.2926012500000001,9.818833892617453,29.8,2030,35,Asset Register:project_life_years + fid_delay_mid=5y (delay moves the life later; operating years kept),True,False
2057,measurement_central,summit_lake_pg_lng,Summit Lake PG LNG,proposed,export,8.0010396,7.708438349999999,0.2926012500000001,9.818833892617453,29.8,2030,35,Asset Register:project_life_years + fid_delay_mid=5y (delay moves the life later; operating years kept),True,False
2058,measurement_central,summit_lake_pg_lng,Summit Lake PG LNG,proposed,export,8.0010396,7.708438349999999,0.2926012500000001,9.818833892617453,29.8,2030,35,Asset Register:project_life_years + fid_delay_mid=5y (delay moves the life later; operating years kept),True,False
2059,measurement_central,summit_lake_pg_lng,Summit Lake PG LNG,proposed,export,8.0010396,7.708438349999999,0.2926012500000001,9.818833892617453,29.8,2030,35,Asset Register:project_life_years + fid_delay_mid=5y (delay moves the life later; operating years kept),True,False
2060,measurement_central,summit_lake_pg_lng,Summit Lake PG LNG,proposed,export,8.0010396,7.708438349999999,0.2926012500000001,9.818833892617453,29.8,2030,35,Asset Register:project_life_years + fid_delay_mid=5y (delay moves the life later; operating years kept),True,False
2061,measurement_central,summit_lake_pg_lng,Summit Lake PG LNG,proposed,export,8.0010396,7.708438349999999,0.2926012500000001,9.818833892617453,29.8,2030,35,Asset Register:project_life_years + fid_delay_mid=5y (delay moves the life later; operating years kept),True,False
2062,measurement_central,summit_lake_pg_lng,Summit Lake PG LNG,proposed,export,8.0010396,7.708438349999999,0.2926012500000001,9.818833892617453,29.8,2030,35,Asset Register:project_life_years + fid_delay_mid=5y (delay moves the life later; operating years kept),True,False
2063,measurement_central,summit_lake_pg_lng,Summit Lake PG LNG,proposed,export,8.0010396,7.708438349999999,0.2926012500000001,9.818833892617453,29.8,2030,35,Asset Register:project_life_years + fid_delay_mid=5y (delay moves the life later; operating years kept),True,False
2064,measurement_central,summit_lake_pg_lng,Summit Lake PG LNG,proposed,export,8.0010396,7.708438349999999,0.2926012500000001,9.818833892617453,29.8,2030,35,Asset Register:project_life_years + fid_delay_mid=5y (delay moves the life later; operating years kept),True,False
2035,measurement_central,fermeuse_energy_flng,Fermeuse Energy FLNG Terminal,proposed,export,13.96,13.494666666666667,0.46533333333333343,15.615212527964209,29.8,2030,23,Asset Register:project_life_years + fid_delay_mid=5y (delay moves the life later; operating years kept),True,False
2036,measurement_central,fermeuse_energy_flng,Fermeuse Energy FLNG Terminal,proposed,export,24.43,23.61566666666667,0.8143333333333335,27.326621923937363,29.8,2030,23,Asset Register:project_life_years + fid_delay_mid=5y (delay moves the life later; operating years kept),True,False
2037,measurement_central,fermeuse_energy_flng,Fermeuse Energy FLNG Terminal,proposed,export,29.281100000000002,28.305063333333337,0.9760366666666669,32.75290827740493,29.8,2030,23,Asset Register:project_life_years + fid_delay_mid=5y (delay moves the life later; operating years kept),True,False
2038,measurement_central,fermeuse_energy_flng,Fermeuse Energy FLNG Terminal,proposed,export,29.281100000000002,28.305063333333337,0.9760366666666669,32.75290827740493,29.8,2030,23,Asset Register:project_life_years + fid_delay_mid=5y (delay moves the life later; operating years kept),True,False
2039,measurement_central,fermeuse_energy_flng,Fermeuse Energy FLNG Terminal,proposed,export,29.281100000000002,28.305063333333337,0.9760366666666669,32.75290827740493,29.8,2030,23,Asset Register:project_life_years + fid_delay_mid=5y (delay moves the life later; operating years kept),True,False
2040,measurement_central,fermeuse_energy_flng,Fermeuse Energy FLNG Terminal,proposed,export,29.281100000000002,28.305063333333337,0.9760366666666669,32.75290827740493,29.8,2030,23,Asset Register:project_life_years + fid_delay_mid=5y (delay moves the life later; operating years kept),True,False
2041,measurement_central,fermeuse_energy_flng,Fermeuse Energy FLNG Terminal,proposed,export,29.281100000000002,28.305063333333337,0.9760366666666669,32.75290827740493,29.8,2030,23,Asset Register:project_life_years + fid_delay_mid=5y (delay moves the life later; operating years kept),True,False
2042,measurement_central,fermeuse_energy_flng,Fermeuse Energy FLNG Terminal,proposed,export,29.281100000000002,28.305063333333337,0.9760366666666669,32.75290827740493,29.8,2030,23,Asset Register:project_life_years + fid_delay_mid=5y (delay moves the life later; operating years kept),True,False
2043,measurement_central,fermeuse_energy_flng,Fermeuse Energy FLNG Terminal,proposed,export,29.281100000000002,28.305063333333337,0.9760366666666669,32.75290827740493,29.8,2030,23,Asset Register:project_life_years + fid_delay_mid=5y (delay moves the life later; operating years kept),True,False
2044,measurement_central,fermeuse_energy_flng,Fermeuse Energy FLNG Terminal,proposed,export,29.281100000000002,28.305063333333337,0.9760366666666669,32.75290827740493,29.8,2030,23,Asset Register:project_life_years + fid_delay_mid=5y (delay moves the life later; operating years kept),True,False
2045,measurement_central,fermeuse_energy_flng,Fermeuse Energy FLNG Terminal,proposed,export,29.281100000000002,28.305063333333337,0.9760366666666669,32.75290827740493,29.8,2030,23,Asset Register:project_life_years + fid_delay_mid=5y (delay moves the life later; operating years kept),True,False
2046,measurement_central,fermeuse_energy_flng,Fermeuse Energy FLNG Terminal,proposed,export,29.281100000000002,28.305063333333337,0.9760366666666669,32.75290827740493,29.8,2030,23,Asset Register:project_life_years + fid_delay_mid=5y (delay moves the life later; operating years kept),True,False
2047,measurement_central,fermeuse_energy_flng,Fermeuse Energy FLNG Terminal,proposed,export,29.281100000000002,28.305063333333337,0.9760366666666669,32.75290827740493,29.8,2030,23,Asset Register:project_life_years + fid_delay_mid=5y (delay moves the life later; operating years kept),True,False
2048,measurement_central,fermeuse_energy_flng,Fermeuse Energy FLNG Terminal,proposed,export,29.281100000000002,28.305063333333337,0.9760366666666669,32.75290827740493,29.8,2030,23,Asset Register:project_life_years + fid_delay_mid=5y (delay moves the life later; operating years kept),True,False
2049,measurement_central,fermeuse_energy_flng,Fermeuse Energy FLNG Terminal,proposed,export,29.281100000000002,28.305063333333337,0.9760366666666669,32.75290827740493,29.8,2030,23,Asset Register:project_life_years + fid_delay_mid=5y (delay moves the life later; operating years kept),True,False
2050,measurement_central,fermeuse_energy_flng,Fermeuse Energy FLNG Terminal,proposed,export,29.281100000000002,28.305063333333337,0.9760366666666669,32.75290827740493,29.8,2030,23,Asset Register:project_life_years + fid_delay_mid=5y (delay moves the life later; operating years kept),True,False
2051,measurement_central,fermeuse_energy_flng,Fermeuse Energy FLNG Terminal,proposed,export,29.281100000000002,28.305063333333337,0.9760366666666669,32.75290827740493,29.8,2030,23,Asset Register:project_life_years + fid_delay_mid=5y (delay moves the life later; operating years kept),True,False
2052,measurement_central,fermeuse_energy_flng,Fermeuse Energy FLNG Terminal,proposed,export,29.281100000000002,28.305063333333337,0.9760366666666669,32.75290827740493,29.8,2030,23,Asset Register:project_life_years + fid_delay_mid=5y (delay moves the life later; operating years kept),True,False
2035,measurement_central,kanata_lng,Kanata LNG,proposed,export,16.953599999999998,16.333599999999997,0.6200000000000002,20.805369127516787,29.8,2030,40,Parameters:lifecycle_years_default,True,False
2036,measurement_central,kanata_lng,Kanata LNG,proposed,export,29.6688,28.5838,1.0850000000000004,36.409395973154375,29.8,2030,40,Parameters:lifecycle_years_default,True,False
2037,measurement_central,kanata_lng,Kanata LNG,proposed,export,35.560176,34.25972599999999,1.3004500000000003,43.639261744966454,29.8,2030,40,Parameters:lifecycle_years_default,True,False
2038,measurement_central,kanata_lng,Kanata LNG,proposed,export,35.560176,34.25972599999999,1.3004500000000003,43.639261744966454,29.8,2030,40,Parameters:lifecycle_years_default,True,False
2039,measurement_central,kanata_lng,Kanata LNG,proposed,export,35.560176,34.25972599999999,1.3004500000000003,43.639261744966454,29.8,2030,40,Parameters:lifecycle_years_default,True,False
2040,measurement_central,kanata_lng,Kanata LNG,proposed,export,35.560176,34.25972599999999,1.3004500000000003,43.639261744966454,29.8,2030,40,Parameters:lifecycle_years_default,True,False
2041,measurement_central,kanata_lng,Kanata LNG,proposed,export,35.560176,34.25972599999999,1.3004500000000003,43.639261744966454,29.8,2030,40,Parameters:lifecycle_years_default,True,False
2042,measurement_central,kanata_lng,Kanata LNG,proposed,export,35.560176,34.25972599999999,1.3004500000000003,43.639261744966454,29.8,2030,40,Parameters:lifecycle_years_default,True,False
2043,measurement_central,kanata_lng,Kanata LNG,proposed,export,35.560176,34.25972599999999,1.3004500000000003,43.639261744966454,29.8,2030,40,Parameters:lifecycle_years_default,True,False
2044,measurement_central,kanata_lng,Kanata LNG,proposed,export,35.560176,34.25972599999999,1.3004500000000003,43.639261744966454,29.8,2030,40,Parameters:lifecycle_years_default,True,False
2045,measurement_central,kanata_lng,Kanata LNG,proposed,export,35.560176,34.25972599999999,1.3004500000000003,43.639261744966454,29.8,2030,40,Parameters:lifecycle_years_default,True,False
2046,measurement_central,kanata_lng,Kanata LNG,proposed,export,35.560176,34.25972599999999,1.3004500000000003,43.639261744966454,29.8,2030,40,Parameters:lifecycle_years_default,True,False
2047,measurement_central,kanata_lng,Kanata LNG,proposed,export,35.560176,34.25972599999999,1.3004500000000003,43.639261744966454,29.8,2030,40,Parameters:lifecycle_years_default,True,False
2048,measurement_central,kanata_lng,Kanata LNG,proposed,export,35.560176,34.25972599999999,1.3004500000000003,43.639261744966454,29.8,2030,40,Parameters:lifecycle_years_default,True,False
2049,measurement_central,kanata_lng,Kanata LNG,proposed,export,35.560176,34.25972599999999,1.3004500000000003,43.639261744966454,29.8,2030,40,Parameters:lifecycle_years_default,True,False
2050,measurement_central,kanata_lng,Kanata LNG,proposed,export,35.560176,34.25972599999999,1.3004500000000003,43.639261744966454,29.8,2030,40,Parameters:lifecycle_years_default,True,False
2051,measurement_central,kanata_lng,Kanata LNG,proposed,export,35.560176,34.25972599999999,1.3004500000000003,43.639261744966454,29.8,2030,40,Parameters:lifecycle_years_default,True,False
2052,measurement_central,kanata_lng,Kanata LNG,proposed,export,35.560176,34.25972599999999,1.3004500000000003,43.639261744966454,29.8,2030,40,Parameters:lifecycle_years_default,True,False
2053,measurement_central,kanata_lng,Kanata LNG,proposed,export,35.560176,34.25972599999999,1.3004500000000003,43.639261744966454,29.8,2030,40,Parameters:lifecycle_years_default,True,False
2054,measurement_central,kanata_lng,Kanata LNG,proposed,export,35.560176,34.25972599999999,1.3004500000000003,43.639261744966454,29.8,2030,40,Parameters:lifecycle_years_default,True,False
2055,measurement_central,kanata_lng,Kanata LNG,proposed,export,35.560176,34.25972599999999,1.3004500000000003,43.639261744966454,29.8,2030,40,Parameters:lifecycle_years_default,True,False
2056,measurement_central,kanata_lng,Kanata LNG,proposed,export,35.560176,34.25972599999999,1.3004500000000003,43.639261744966454,29.8,2030,40,Parameters:lifecycle_years_default,True,False
2057,measurement_central,kanata_lng,Kanata LNG,proposed,export,35.560176,34.25972599999999,1.3004500000000003,43.639261744966454,29.8,2030,40,Parameters:lifecycle_years_default,True,False
2058,measurement_central,kanata_lng,Kanata LNG,proposed,export,35.560176,34.25972599999999,1.3004500000000003,43.639261744966454,29.8,2030,40,Parameters:lifecycle_years_default,True,False
2059,measurement_central,kanata_lng,Kanata LNG,proposed,export,35.560176,34.25972599999999,1.3004500000000003,43.639261744966454,29.8,2030,40,Parameters:lifecycle_years_default,True,False
2060,measurement_central,kanata_lng,Kanata LNG,proposed,export,35.560176,34.25972599999999,1.3004500000000003,43.639261744966454,29.8,2030,40,Parameters:lifecycle_years_default,True,False
2061,measurement_central,kanata_lng,Kanata LNG,proposed,export,35.560176,34.25972599999999,1.3004500000000003,43.639261744966454,29.8,2030,40,Parameters:lifecycle_years_default,True,False
2062,measurement_central,kanata_lng,Kanata LNG,proposed,export,35.560176,34.25972599999999,1.3004500000000003,43.639261744966454,29.8,2030,40,Parameters:lifecycle_years_default,True,False
2063,measurement_central,kanata_lng,Kanata LNG,proposed,export,35.560176,34.25972599999999,1.3004500000000003,43.639261744966454,29.8,2030,40,Parameters:lifecycle_years_default,True,False
2064,measurement_central,kanata_lng,Kanata LNG,proposed,export,35.560176,34.25972599999999,1.3004500000000003,43.639261744966454,29.8,2030,40,Parameters:lifecycle_years_default,True,False
2065,measurement_central,kanata_lng,Kanata LNG,proposed,export,35.560176,34.25972599999999,1.3004500000000003,43.639261744966454,29.8,2030,40,Parameters:lifecycle_years_default,True,False
2066,measurement_central,kanata_lng,Kanata LNG,proposed,export,35.560176,34.25972599999999,1.3004500000000003,43.639261744966454,29.8,2030,40,Parameters:lifecycle_years_default,True,False
2067,measurement_central,kanata_lng,Kanata LNG,proposed,export,35.560176,34.25972599999999,1.3004500000000003,43.639261744966454,29.8,2030,40,Parameters:lifecycle_years_default,True,False
2068,measurement_central,kanata_lng,Kanata LNG,proposed,export,35.560176,34.25972599999999,1.3004500000000003,43.639261744966454,29.8,2030,40,Parameters:lifecycle_years_default,True,False
2069,measurement_central,kanata_lng,Kanata LNG,proposed,export,35.560176,34.25972599999999,1.3004500000000003,43.639261744966454,29.8,2030,40,Parameters:lifecycle_years_default,True,False
2025,measurement_high,lng_canada_phase_1,LNG Canada Terminal,operating,export,12.404,11.909916666666668,0.4940833333333333,16.579977628635344,29.8,2025,32,Asset Register:authorised_export_end_year=2056 (hard stop; cuts 8y from Asset Register:authorised_export_term_years),False,False
2026,measurement_high,lng_canada_phase_1,LNG Canada Terminal,operating,export,29.7696,28.583800000000004,1.1858,39.79194630872483,29.8,2025,32,Asset Register:authorised_export_end_year=2056 (hard stop; cuts 8y from Asset Register:authorised_export_term_years),False,False
2027,measurement_high,lng_canada_phase_1,LNG Canada Terminal,operating,export,42.1736,40.49371666666667,1.6798833333333334,56.37192393736018,29.8,2025,32,Asset Register:authorised_export_end_year=2056 (hard stop; cuts 8y from Asset Register:authorised_export_term_years),False,False
2028,measurement_high,lng_canada_phase_1,LNG Canada Terminal,operating,export,42.1736,40.49371666666667,1.6798833333333334,56.37192393736018,29.8,2025,32,Asset Register:authorised_export_end_year=2056 (hard stop; cuts 8y from Asset Register:authorised_export_term_years),False,False
2029,measurement_high,lng_canada_phase_1,LNG Canada Terminal,operating,export,42.1736,40.49371666666667,1.6798833333333334,56.37192393736018,29.8,2025,32,Asset Register:authorised_export_end_year=2056 (hard stop; cuts 8y from Asset Register:authorised_export_term_years),False,False
2030,measurement_high,lng_canada_phase_1,LNG Canada Terminal,operating,export,42.1736,40.49371666666667,1.6798833333333334,56.37192393736018,29.8,2025,32,Asset Register:authorised_export_end_year=2056 (hard stop; cuts 8y from Asset Register:authorised_export_term_years),False,False
2031,measurement_high,lng_canada_phase_1,LNG Canada Terminal,operating,export,42.1736,40.49371666666667,1.6798833333333334,56.37192393736018,29.8,2025,32,Asset Register:authorised_export_end_year=2056 (hard stop; cuts 8y from Asset Register:authorised_export_term_years),False,False
2032,measurement_high,lng_canada_phase_1,LNG Canada Terminal,operating,export,42.1736,40.49371666666667,1.6798833333333334,56.37192393736018,29.8,2025,32,Asset Register:authorised_export_end_year=2056 (hard stop; cuts 8y from Asset Register:authorised_export_term_years),False,False
2033,measurement_high,lng_canada_phase_1,LNG Canada Terminal,operating,export,42.1736,40.49371666666667,1.6798833333333334,56.37192393736018,29.8,2025,32,Asset Register:authorised_export_end_year=2056 (hard stop; cuts 8y from Asset Register:authorised_export_term_years),False,False
2034,measurement_high,lng_canada_phase_1,LNG Canada Terminal,operating,export,42.1736,40.49371666666667,1.6798833333333334,56.37192393736018,29.8,2025,32,Asset Register:authorised_export_end_year=2056 (hard stop; cuts 8y from Asset Register:authorised_export_term_years),False,False
2035,measurement_high,lng_canada_phase_1,LNG Canada Terminal,operating,export,42.1736,40.49371666666667,1.6798833333333334,56.37192393736018,29.8,2025,32,Asset Register:authorised_export_end_year=2056 (hard stop; cuts 8y from Asset Register:authorised_export_term_years),False,False
2036,measurement_high,lng_canada_phase_1,LNG Canada Terminal,operating,export,42.1736,40.49371666666667,1.6798833333333334,56.37192393736018,29.8,2025,32,Asset Register:authorised_export_end_year=2056 (hard stop; cuts 8y from Asset Register:authorised_export_term_years),False,False
2037,measurement_high,lng_canada_phase_1,LNG Canada Terminal,operating,export,42.1736,40.49371666666667,1.6798833333333334,56.37192393736018,29.8,2025,32,Asset Register:authorised_export_end_year=2056 (hard stop; cuts 8y from Asset Register:authorised_export_term_years),False,False
2038,measurement_high,lng_canada_phase_1,LNG Canada Terminal,operating,export,42.1736,40.49371666666667,1.6798833333333334,56.37192393736018,29.8,2025,32,Asset Register:authorised_export_end_year=2056 (hard stop; cuts 8y from Asset Register:authorised_export_term_years),False,False
2039,measurement_high,lng_canada_phase_1,LNG Canada Terminal,operating,export,42.1736,40.49371666666667,1.6798833333333334,56.37192393736018,29.8,2025,32,Asset Register:authorised_export_end_year=2056 (hard stop; cuts 8y from Asset Register:authorised_export_term_years),False,False
2040,measurement_high,lng_canada_phase_1,LNG Canada Terminal,operating,export,42.1736,40.49371666666667,1.6798833333333334,56.37192393736018,29.8,2025,32,Asset Register:authorised_export_end_year=2056 (hard stop; cuts 8y from Asset Register:authorised_export_term_years),False,False
2041,measurement_high,lng_canada_phase_1,LNG Canada Terminal,operating,export,42.1736,40.49371666666667,1.6798833333333334,56.37192393736018,29.8,2025,32,Asset Register:authorised_export_end_year=2056 (hard stop; cuts 8y from Asset Register:authorised_export_term_years),False,False
2042,measurement_high,lng_canada_phase_1,LNG Canada Terminal,operating,export,42.1736,40.49371666666667,1.6798833333333334,56.37192393736018,29.8,2025,32,Asset Register:authorised_export_end_year=2056 (hard stop; cuts 8y from Asset Register:authorised_export_term_years),False,False
2043,measurement_high,lng_canada_phase_1,LNG Canada Terminal,operating,export,42.1736,40.49371666666667,1.6798833333333334,56.37192393736018,29.8,2025,32,Asset Register:authorised_export_end_year=2056 (hard stop; cuts 8y from Asset Register:authorised_export_term_years),False,False
2044,measurement_high,lng_canada_phase_1,LNG Canada Terminal,operating,export,42.1736,40.49371666666667,1.6798833333333334,56.37192393736018,29.8,2025,32,Asset Register:authorised_export_end_year=2056 (hard stop; cuts 8y from Asset Register:authorised_export_term_years),False,False
2045,measurement_high,lng_canada_phase_1,LNG Canada Terminal,operating,export,42.1736,40.49371666666667,1.6798833333333334,56.37192393736018,29.8,2025,32,Asset Register:authorised_export_end_year=2056 (hard stop; cuts 8y from Asset Register:authorised_export_term_years),False,False
2046,measurement_high,lng_canada_phase_1,LNG Canada Terminal,operating,export,42.1736,40.49371666666667,1.6798833333333334,56.37192393736018,29.8,2025,32,Asset Register:authorised_export_end_year=2056 (hard stop; cuts 8y from Asset Register:authorised_export_term_years),False,False
2047,measurement_high,lng_canada_phase_1,LNG Canada Terminal,operating,export,42.1736,40.49371666666667,1.6798833333333334,56.37192393736018,29.8,2025,32,Asset Register:authorised_export_end_year=2056 (hard stop; cuts 8y from Asset Register:authorised_export_term_years),False,False
2048,measurement_high,lng_canada_phase_1,LNG Canada Terminal,operating,export,42.1736,40.49371666666667,1.6798833333333334,56.37192393736018,29.8,2025,32,Asset Register:authorised_export_end_year=2056 (hard stop; cuts 8y from Asset Register:authorised_export_term_years),False,False
2049,measurement_high,lng_canada_phase_1,LNG Canada Terminal,operating,export,42.1736,40.49371666666667,1.6798833333333334,56.37192393736018,29.8,2025,32,Asset Register:authorised_export_end_year=2056 (hard stop; cuts 8y from Asset Register:authorised_export_term_years),False,False
2050,measurement_high,lng_canada_phase_1,LNG Canada Terminal,operating,export,42.1736,40.49371666666667,1.6798833333333334,56.37192393736018,29.8,2025,32,Asset Register:authorised_export_end_year=2056 (hard stop; cuts 8y from Asset Register:authorised_export_term_years),False,False
2051,measurement_high,lng_canada_phase_1,LNG Canada Terminal,operating,export,42.1736,40.49371666666667,1.6798833333333334,56.37192393736018,29.8,2025,32,Asset Register:authorised_export_end_year=2056 (hard stop; cuts 8y from Asset Register:authorised_export_term_years),False,False
2052,measurement_high,lng_canada_phase_1,LNG Canada Terminal,operating,export,42.1736,40.49371666666667,1.6798833333333334,56.37192393736018,29.8,2025,32,Asset Register:authorised_export_end_year=2056 (hard stop; cuts 8y from Asset Register:authorised_export_term_years),False,False
2053,measurement_high,lng_canada_phase_1,LNG Canada Terminal,operating,export,42.1736,40.49371666666667,1.6798833333333334,56.37192393736018,29.8,2025,32,Asset Register:authorised_export_end_year=2056 (hard stop; cuts 8y from Asset Register:authorised_export_term_years),False,False
2054,measurement_high,lng_canada_phase_1,LNG Canada Terminal,operating,export,42.1736,40.49371666666667,1.6798833333333334,56.37192393736018,29.8,2025,32,Asset Register:authorised_export_end_year=2056 (hard stop; cuts 8y from Asset Register:authorised_export_term_years),False,False
2055,measurement_high,lng_canada_phase_1,LNG Canada Terminal,operating,export,42.1736,40.49371666666667,1.6798833333333334,56.37192393736018,29.8,2025,32,Asset Register:authorised_export_end_year=2056 (hard stop; cuts 8y from Asset Register:authorised_export_term_years),False,False
2056,measurement_high,lng_canada_phase_1,LNG Canada Terminal,operating,export,42.1736,40.49371666666667,1.6798833333333334,56.37192393736018,29.8,2025,32,Asset Register:authorised_export_end_year=2056 (hard stop; cuts 8y from Asset Register:authorised_export_term_years),False,False
2028,measurement_high,cedar_lng,Cedar FLNG Terminal,under_construction,export,5.316,5.10425,0.21175,7.105704697986576,29.8,2028,39,Asset Register:authorised_export_end_year=2066 (hard stop; cuts 1y from Asset Register:authorised_export_term_years),False,False
2029,measurement_high,cedar_lng,Cedar FLNG Terminal,under_construction,export,9.303,8.9324375,0.3705625,12.43498322147651,29.8,2028,39,Asset Register:authorised_export_end_year=2066 (hard stop; cuts 1y from Asset Register:authorised_export_term_years),False,False
2030,measurement_high,cedar_lng,Cedar FLNG Terminal,under_construction,export,11.150310000000001,10.706164375000002,0.44414562500000004,14.904215604026845,29.8,2028,39,Asset Register:authorised_export_end_year=2066 (hard stop; cuts 1y from Asset Register:authorised_export_term_years),False,False
2031,measurement_high,cedar_lng,Cedar FLNG Terminal,under_construction,export,11.150310000000001,10.706164375000002,0.44414562500000004,14.904215604026845,29.8,2028,39,Asset Register:authorised_export_end_year=2066 (hard stop; cuts 1y from Asset Register:authorised_export_term_years),False,False
2032,measurement_high,cedar_lng,Cedar FLNG Terminal,under_construction,export,11.150310000000001,10.706164375000002,0.44414562500000004,14.904215604026845,29.8,2028,39,Asset Register:authorised_export_end_year=2066 (hard stop; cuts 1y from Asset Register:authorised_export_term_years),False,False
2033,measurement_high,cedar_lng,Cedar FLNG Terminal,under_construction,export,11.150310000000001,10.706164375000002,0.44414562500000004,14.904215604026845,29.8,2028,39,Asset Register:authorised_export_end_year=2066 (hard stop; cuts 1y from Asset Register:authorised_export_term_years),False,False
2034,measurement_high,cedar_lng,Cedar FLNG Terminal,under_construction,export,11.150310000000001,10.706164375000002,0.44414562500000004,14.904215604026845,29.8,2028,39,Asset Register:authorised_export_end_year=2066 (hard stop; cuts 1y from Asset Register:authorised_export_term_years),False,False
2035,measurement_high,cedar_lng,Cedar FLNG Terminal,under_construction,export,11.150310000000001,10.706164375000002,0.44414562500000004,14.904215604026845,29.8,2028,39,Asset Register:authorised_export_end_year=2066 (hard stop; cuts 1y from Asset Register:authorised_export_term_years),False,False
2036,measurement_high,cedar_lng,Cedar FLNG Terminal,under_construction,export,11.150310000000001,10.706164375000002,0.44414562500000004,14.904215604026845,29.8,2028,39,Asset Register:authorised_export_end_year=2066 (hard stop; cuts 1y from Asset Register:authorised_export_term_years),False,False
2037,measurement_high,cedar_lng,Cedar FLNG Terminal,under_construction,export,11.150310000000001,10.706164375000002,0.44414562500000004,14.904215604026845,29.8,2028,39,Asset Register:authorised_export_end_year=2066 (hard stop; cuts 1y from Asset Register:authorised_export_term_years),False,False
2038,measurement_high,cedar_lng,Cedar FLNG Terminal,under_construction,export,11.150310000000001,10.706164375000002,0.44414562500000004,14.904215604026845,29.8,2028,39,Asset Register:authorised_export_end_year=2066 (hard stop; cuts 1y from Asset Register:authorised_export_term_years),False,False
2039,measurement_high,cedar_lng,Cedar FLNG Terminal,under_construction,export,11.150310000000001,10.706164375000002,0.44414562500000004,14.904215604026845,29.8,2028,39,Asset Register:authorised_export_end_year=2066 (hard stop; cuts 1y from Asset Register:authorised_export_term_years),False,False
2040,measurement_high,cedar_lng,Cedar FLNG Terminal,under_construction,export,11.150310000000001,10.706164375000002,0.44414562500000004,14.904215604026845,29.8,2028,39,Asset Register:authorised_export_end_year=2066 (hard stop; cuts 1y from Asset Register:authorised_export_term_years),False,False
2041,measurement_high,cedar_lng,Cedar FLNG Terminal,under_construction,export,11.150310000000001,10.706164375000002,0.44414562500000004,14.904215604026845,29.8,2028,39,Asset Register:authorised_export_end_year=2066 (hard stop; cuts 1y from Asset Register:authorised_export_term_years),False,False
2042,measurement_high,cedar_lng,Cedar FLNG Terminal,under_construction,export,11.150310000000001,10.706164375000002,0.44414562500000004,14.904215604026845,29.8,2028,39,Asset Register:authorised_export_end_year=2066 (hard stop; cuts 1y from Asset Register:authorised_export_term_years),False,False
2043,measurement_high,cedar_lng,Cedar FLNG Terminal,under_construction,export,11.150310000000001,10.706164375000002,0.44414562500000004,14.904215604026845,29.8,2028,39,Asset Register:authorised_export_end_year=2066 (hard stop; cuts 1y from Asset Register:authorised_export_term_years),False,False
2044,measurement_high,cedar_lng,Cedar FLNG Terminal,under_construction,export,11.150310000000001,10.706164375000002,0.44414562500000004,14.904215604026845,29.8,2028,39,Asset Register:authorised_export_end_year=2066 (hard stop; cuts 1y from Asset Register:authorised_export_term_years),False,False
2045,measurement_high,cedar_lng,Cedar FLNG Terminal,under_construction,export,11.150310000000001,10.706164375000002,0.44414562500000004,14.904215604026845,29.8,2028,39,Asset Register:authorised_export_end_year=2066 (hard stop; cuts 1y from Asset Register:authorised_export_term_years),False,False
2046,measurement_high,cedar_lng,Cedar FLNG Terminal,under_construction,export,11.150310000000001,10.706164375000002,0.44414562500000004,14.904215604026845,29.8,2028,39,Asset Register:authorised_export_end_year=2066 (hard stop; cuts 1y from Asset Register:authorised_export_term_years),False,False
2047,measurement_high,cedar_lng,Cedar FLNG Terminal,under_construction,export,11.150310000000001,10.706164375000002,0.44414562500000004,14.904215604026845,29.8,2028,39,Asset Register:authorised_export_end_year=2066 (hard stop; cuts 1y from Asset Register:authorised_export_term_years),False,False
2048,measurement_high,cedar_lng,Cedar FLNG Terminal,under_construction,export,11.150310000000001,10.706164375000002,0.44414562500000004,14.904215604026845,29.8,2028,39,Asset Register:authorised_export_end_year=2066 (hard stop; cuts 1y from Asset Register:authorised_export_term_years),False,False
2049,measurement_high,cedar_lng,Cedar FLNG Terminal,under_construction,export,11.150310000000001,10.706164375000002,0.44414562500000004,14.904215604026845,29.8,2028,39,Asset Register:authorised_export_end_year=2066 (hard stop; cuts 1y from Asset Register:authorised_export_term_years),False,False
2050,measurement_high,cedar_lng,Cedar FLNG Terminal,under_construction,export,11.150310000000001,10.706164375000002,0.44414562500000004,14.904215604026845,29.8,2028,39,Asset Register:authorised_export_end_year=2066 (hard stop; cuts 1y from Asset Register:authorised_export_term_years),False,False
2051,measurement_high,cedar_lng,Cedar FLNG Terminal,under_construction,export,11.150310000000001,10.706164375000002,0.44414562500000004,14.904215604026845,29.8,2028,39,Asset Register:authorised_export_end_year=2066 (hard stop; cuts 1y from Asset Register:authorised_export_term_years),False,False
2052,measurement_high,cedar_lng,Cedar FLNG Terminal,under_construction,export,11.150310000000001,10.706164375000002,0.44414562500000004,14.904215604026845,29.8,2028,39,Asset Register:authorised_export_end_year=2066 (hard stop; cuts 1y from Asset Register:authorised_export_term_years),False,False
2053,measurement_high,cedar_lng,Cedar FLNG Terminal,under_construction,export,11.150310000000001,10.706164375000002,0.44414562500000004,14.904215604026845,29.8,2028,39,Asset Register:authorised_export_end_year=2066 (hard stop; cuts 1y from Asset Register:authorised_export_term_years),False,False
2054,measurement_high,cedar_lng,Cedar FLNG Terminal,under_construction,export,11.150310000000001,10.706164375000002,0.44414562500000004,14.904215604026845,29.8,2028,39,Asset Register:authorised_export_end_year=2066 (hard stop; cuts 1y from Asset Register:authorised_export_term_years),False,False
2055,measurement_high,cedar_lng,Cedar FLNG Terminal,under_construction,export,11.150310000000001,10.706164375000002,0.44414562500000004,14.904215604026845,29.8,2028,39,Asset Register:authorised_export_end_year=2066 (hard stop; cuts 1y from Asset Register:authorised_export_term_years),False,False
2056,measurement_high,cedar_lng,Cedar FLNG Terminal,under_construction,export,11.150310000000001,10.706164375000002,0.44414562500000004,14.904215604026845,29.8,2028,39,Asset Register:authorised_export_end_year=2066 (hard stop; cuts 1y from Asset Register:authorised_export_term_years),False,False
2057,measurement_high,cedar_lng,Cedar FLNG Terminal,under_construction,export,11.150310000000001,10.706164375000002,0.44414562500000004,14.904215604026845,29.8,2028,39,Asset Register:authorised_export_end_year=2066 (hard stop; cuts 1y from Asset Register:authorised_export_term_years),False,False
2058,measurement_high,cedar_lng,Cedar FLNG Terminal,under_construction,export,11.150310000000001,10.706164375000002,0.44414562500000004,14.904215604026845,29.8,2028,39,Asset Register:authorised_export_end_year=2066 (hard stop; cuts 1y from Asset Register:authorised_export_term_years),False,False
2059,measurement_high,cedar_lng,Cedar FLNG Terminal,under_construction,export,11.150310000000001,10.706164375000002,0.44414562500000004,14.904215604026845,29.8,2028,39,Asset Register:authorised_export_end_year=2066 (hard stop; cuts 1y from Asset Register:authorised_export_term_years),False,False
2060,measurement_high,cedar_lng,Cedar FLNG Terminal,under_construction,export,11.150310000000001,10.706164375000002,0.44414562500000004,14.904215604026845,29.8,2028,39,Asset Register:authorised_export_end_year=2066 (hard stop; cuts 1y from Asset Register:authorised_export_term_years),False,False
2061,measurement_high,cedar_lng,Cedar FLNG Terminal,under_construction,export,11.150310000000001,10.706164375000002,0.44414562500000004,14.904215604026845,29.8,2028,39,Asset Register:authorised_export_end_year=2066 (hard stop; cuts 1y from Asset Register:authorised_export_term_years),False,False
2062,measurement_high,cedar_lng,Cedar FLNG Terminal,under_construction,export,11.150310000000001,10.706164375000002,0.44414562500000004,14.904215604026845,29.8,2028,39,Asset Register:authorised_export_end_year=2066 (hard stop; cuts 1y from Asset Register:authorised_export_term_years),False,False
2063,measurement_high,cedar_lng,Cedar FLNG Terminal,under_construction,export,11.150310000000001,10.706164375000002,0.44414562500000004,14.904215604026845,29.8,2028,39,Asset Register:authorised_export_end_year=2066 (hard stop; cuts 1y from Asset Register:authorised_export_term_years),False,False
2064,measurement_high,cedar_lng,Cedar FLNG Terminal,under_construction,export,11.150310000000001,10.706164375000002,0.44414562500000004,14.904215604026845,29.8,2028,39,Asset Register:authorised_export_end_year=2066 (hard stop; cuts 1y from Asset Register:authorised_export_term_years),False,False
2065,measurement_high,cedar_lng,Cedar FLNG Terminal,under_construction,export,11.150310000000001,10.706164375000002,0.44414562500000004,14.904215604026845,29.8,2028,39,Asset Register:authorised_export_end_year=2066 (hard stop; cuts 1y from Asset Register:authorised_export_term_years),False,False
2066,measurement_high,cedar_lng,Cedar FLNG Terminal,under_construction,export,11.150310000000001,10.706164375000002,0.44414562500000004,14.904215604026845,29.8,2028,39,Asset Register:authorised_export_end_year=2066 (hard stop; cuts 1y from Asset Register:authorised_export_term_years),False,False
2027,measurement_high,woodfibre_lng,Woodfibre LNG Terminal,under_construction,export,2.97696,2.85838,0.11857999999999999,3.979194630872483,29.8,2027,31,Asset Register:authorised_export_end_year=2057 (hard stop; cuts 9y from Asset Register:authorised_export_term_years),False,False
2028,measurement_high,woodfibre_lng,Woodfibre LNG Terminal,under_construction,export,5.20968,5.002165000000001,0.20751499999999998,6.9635906040268445,29.8,2027,31,Asset Register:authorised_export_end_year=2057 (hard stop; cuts 9y from Asset Register:authorised_export_term_years),False,False
2029,measurement_high,woodfibre_lng,Woodfibre LNG Terminal,under_construction,export,6.2441736,5.995452050000001,0.24872154999999999,8.346360738255033,29.8,2027,31,Asset Register:authorised_export_end_year=2057 (hard stop; cuts 9y from Asset Register:authorised_export_term_years),False,False
2030,measurement_high,woodfibre_lng,Woodfibre LNG Terminal,under_construction,export,6.2441736,5.995452050000001,0.24872154999999999,8.346360738255033,29.8,2027,31,Asset Register:authorised_export_end_year=2057 (hard stop; cuts 9y from Asset Register:authorised_export_term_years),False,False
2031,measurement_high,woodfibre_lng,Woodfibre LNG Terminal,under_construction,export,6.2441736,5.995452050000001,0.24872154999999999,8.346360738255033,29.8,2027,31,Asset Register:authorised_export_end_year=2057 (hard stop; cuts 9y from Asset Register:authorised_export_term_years),False,False
2032,measurement_high,woodfibre_lng,Woodfibre LNG Terminal,under_construction,export,6.2441736,5.995452050000001,0.24872154999999999,8.346360738255033,29.8,2027,31,Asset Register:authorised_export_end_year=2057 (hard stop; cuts 9y from Asset Register:authorised_export_term_years),False,False
2033,measurement_high,woodfibre_lng,Woodfibre LNG Terminal,under_construction,export,6.2441736,5.995452050000001,0.24872154999999999,8.346360738255033,29.8,2027,31,Asset Register:authorised_export_end_year=2057 (hard stop; cuts 9y from Asset Register:authorised_export_term_years),False,False
2034,measurement_high,woodfibre_lng,Woodfibre LNG Terminal,under_construction,export,6.2441736,5.995452050000001,0.24872154999999999,8.346360738255033,29.8,2027,31,Asset Register:authorised_export_end_year=2057 (hard stop; cuts 9y from Asset Register:authorised_export_term_years),False,False
2035,measurement_high,woodfibre_lng,Woodfibre LNG Terminal,under_construction,export,6.2441736,5.995452050000001,0.24872154999999999,8.346360738255033,29.8,2027,31,Asset Register:authorised_export_end_year=2057 (hard stop; cuts 9y from Asset Register:authorised_export_term_years),False,False
2036,measurement_high,woodfibre_lng,Woodfibre LNG Terminal,under_construction,export,6.2441736,5.995452050000001,0.24872154999999999,8.346360738255033,29.8,2027,31,Asset Register:authorised_export_end_year=2057 (hard stop; cuts 9y from Asset Register:authorised_export_term_years),False,False
2037,measurement_high,woodfibre_lng,Woodfibre LNG Terminal,under_construction,export,6.2441736,5.995452050000001,0.24872154999999999,8.346360738255033,29.8,2027,31,Asset Register:authorised_export_end_year=2057 (hard stop; cuts 9y from Asset Register:authorised_export_term_years),False,False
2038,measurement_high,woodfibre_lng,Woodfibre LNG Terminal,under_construction,export,6.2441736,5.995452050000001,0.24872154999999999,8.346360738255033,29.8,2027,31,Asset Register:authorised_export_end_year=2057 (hard stop; cuts 9y from Asset Register:authorised_export_term_years),False,False
2039,measurement_high,woodfibre_lng,Woodfibre LNG Terminal,under_construction,export,6.2441736,5.995452050000001,0.24872154999999999,8.346360738255033,29.8,2027,31,Asset Register:authorised_export_end_year=2057 (hard stop; cuts 9y from Asset Register:authorised_export_term_years),False,False
2040,measurement_high,woodfibre_lng,Woodfibre LNG Terminal,under_construction,export,6.2441736,5.995452050000001,0.24872154999999999,8.346360738255033,29.8,2027,31,Asset Register:authorised_export_end_year=2057 (hard stop; cuts 9y from Asset Register:authorised_export_term_years),False,False
2041,measurement_high,woodfibre_lng,Woodfibre LNG Terminal,under_construction,export,6.2441736,5.995452050000001,0.24872154999999999,8.346360738255033,29.8,2027,31,Asset Register:authorised_export_end_year=2057 (hard stop; cuts 9y from Asset Register:authorised_export_term_years),False,False
2042,measurement_high,woodfibre_lng,Woodfibre LNG Terminal,under_construction,export,6.2441736,5.995452050000001,0.24872154999999999,8.346360738255033,29.8,2027,31,Asset Register:authorised_export_end_year=2057 (hard stop; cuts 9y from Asset Register:authorised_export_term_years),False,False
2043,measurement_high,woodfibre_lng,Woodfibre LNG Terminal,under_construction,export,6.2441736,5.995452050000001,0.24872154999999999,8.346360738255033,29.8,2027,31,Asset Register:authorised_export_end_year=2057 (hard stop; cuts 9y from Asset Register:authorised_export_term_years),False,False
2044,measurement_high,woodfibre_lng,Woodfibre LNG Terminal,under_construction,export,6.2441736,5.995452050000001,0.24872154999999999,8.346360738255033,29.8,2027,31,Asset Register:authorised_export_end_year=2057 (hard stop; cuts 9y from Asset Register:authorised_export_term_years),False,False
2045,measurement_high,woodfibre_lng,Woodfibre LNG Terminal,under_construction,export,6.2441736,5.995452050000001,0.24872154999999999,8.346360738255033,29.8,2027,31,Asset Register:authorised_export_end_year=2057 (hard stop; cuts 9y from Asset Register:authorised_export_term_years),False,False
2046,measurement_high,woodfibre_lng,Woodfibre LNG Terminal,under_construction,export,6.2441736,5.995452050000001,0.24872154999999999,8.346360738255033,29.8,2027,31,Asset Register:authorised_export_end_year=2057 (hard stop; cuts 9y from Asset Register:authorised_export_term_years),False,False
2047,measurement_high,woodfibre_lng,Woodfibre LNG Terminal,under_construction,export,6.2441736,5.995452050000001,0.24872154999999999,8.346360738255033,29.8,2027,31,Asset Register:authorised_export_end_year=2057 (hard stop; cuts 9y from Asset Register:authorised_export_term_years),False,False
2048,measurement_high,woodfibre_lng,Woodfibre LNG Terminal,under_construction,export,6.2441736,5.995452050000001,0.24872154999999999,8.346360738255033,29.8,2027,31,Asset Register:authorised_export_end_year=2057 (hard stop; cuts 9y from Asset Register:authorised_export_term_years),False,False
2049,measurement_high,woodfibre_lng,Woodfibre LNG Terminal,under_construction,export,6.2441736,5.995452050000001,0.24872154999999999,8.346360738255033,29.8,2027,31,Asset Register:authorised_export_end_year=2057 (hard stop; cuts 9y from Asset Register:authorised_export_term_years),False,False
2050,measurement_high,woodfibre_lng,Woodfibre LNG Terminal,under_construction,export,6.2441736,5.995452050000001,0.24872154999999999,8.346360738255033,29.8,2027,31,Asset Register:authorised_export_end_year=2057 (hard stop; cuts 9y from Asset Register:authorised_export_term_years),False,False
2051,measurement_high,woodfibre_lng,Woodfibre LNG Terminal,under_construction,export,6.2441736,5.995452050000001,0.24872154999999999,8.346360738255033,29.8,2027,31,Asset Register:authorised_export_end_year=2057 (hard stop; cuts 9y from Asset Register:authorised_export_term_years),False,False
2052,measurement_high,woodfibre_lng,Woodfibre LNG Terminal,under_construction,export,6.2441736,5.995452050000001,0.24872154999999999,8.346360738255033,29.8,2027,31,Asset Register:authorised_export_end_year=2057 (hard stop; cuts 9y from Asset Register:authorised_export_term_years),False,False
2053,measurement_high,woodfibre_lng,Woodfibre LNG Terminal,under_construction,export,6.2441736,5.995452050000001,0.24872154999999999,8.346360738255033,29.8,2027,31,Asset Register:authorised_export_end_year=2057 (hard stop; cuts 9y from Asset Register:authorised_export_term_years),False,False
2054,measurement_high,woodfibre_lng,Woodfibre LNG Terminal,under_construction,export,6.2441736,5.995452050000001,0.24872154999999999,8.346360738255033,29.8,2027,31,Asset Register:authorised_export_end_year=2057 (hard stop; cuts 9y from Asset Register:authorised_export_term_years),False,False
2055,measurement_high,woodfibre_lng,Woodfibre LNG Terminal,under_construction,export,6.2441736,5.995452050000001,0.24872154999999999,8.346360738255033,29.8,2027,31,Asset Register:authorised_export_end_year=2057 (hard stop; cuts 9y from Asset Register:authorised_export_term_years),False,False
2056,measurement_high,woodfibre_lng,Woodfibre LNG Terminal,under_construction,export,6.2441736,5.995452050000001,0.24872154999999999,8.346360738255033,29.8,2027,31,Asset Register:authorised_export_end_year=2057 (hard stop; cuts 9y from Asset Register:authorised_export_term_years),False,False
2057,measurement_high,woodfibre_lng,Woodfibre LNG Terminal,under_construction,export,6.2441736,5.995452050000001,0.24872154999999999,8.346360738255033,29.8,2027,31,Asset Register:authorised_export_end_year=2057 (hard stop; cuts 9y from Asset Register:authorised_export_term_years),False,False
2031,measurement_high,lng_canada_phase_2,LNG Canada Terminal,under_construction,export,19.8464,19.055866666666667,0.7905333333333333,26.527964205816552,29.8,2031,26,Asset Register:authorised_export_end_year=2056 (hard stop; cuts 14y from Asset Register:authorised_export_term_years),False,False
2032,measurement_high,lng_canada_phase_2,LNG Canada Terminal,under_construction,export,34.7312,33.34776666666667,1.3834333333333333,46.42393736017897,29.8,2031,26,Asset Register:authorised_export_end_year=2056 (hard stop; cuts 14y from Asset Register:authorised_export_term_years),False,False
2033,measurement_high,lng_canada_phase_2,LNG Canada Terminal,under_construction,export,41.627824000000004,39.969680333333336,1.6581436666666667,55.64240492170022,29.8,2031,26,Asset Register:authorised_export_end_year=2056 (hard stop; cuts 14y from Asset Register:authorised_export_term_years),False,False
2034,measurement_high,lng_canada_phase_2,LNG Canada Terminal,under_construction,export,41.627824000000004,39.969680333333336,1.6581436666666667,55.64240492170022,29.8,2031,26,Asset Register:authorised_export_end_year=2056 (hard stop; cuts 14y from Asset Register:authorised_export_term_years),False,False
2035,measurement_high,lng_canada_phase_2,LNG Canada Terminal,under_construction,export,41.627824000000004,39.969680333333336,1.6581436666666667,55.64240492170022,29.8,2031,26,Asset Register:authorised_export_end_year=2056 (hard stop; cuts 14y from Asset Register:authorised_export_term_years),False,False
2036,measurement_high,lng_canada_phase_2,LNG Canada Terminal,under_construction,export,41.627824000000004,39.969680333333336,1.6581436666666667,55.64240492170022,29.8,2031,26,Asset Register:authorised_export_end_year=2056 (hard stop; cuts 14y from Asset Register:authorised_export_term_years),False,False
2037,measurement_high,lng_canada_phase_2,LNG Canada Terminal,under_construction,export,41.627824000000004,39.969680333333336,1.6581436666666667,55.64240492170022,29.8,2031,26,Asset Register:authorised_export_end_year=2056 (hard stop; cuts 14y from Asset Register:authorised_export_term_years),False,False
2038,measurement_high,lng_canada_phase_2,LNG Canada Terminal,under_construction,export,41.627824000000004,39.969680333333336,1.6581436666666667,55.64240492170022,29.8,2031,26,Asset Register:authorised_export_end_year=2056 (hard stop; cuts 14y from Asset Register:authorised_export_term_years),False,False
2039,measurement_high,lng_canada_phase_2,LNG Canada Terminal,under_construction,export,41.627824000000004,39.969680333333336,1.6581436666666667,55.64240492170022,29.8,2031,26,Asset Register:authorised_export_end_year=2056 (hard stop; cuts 14y from Asset Register:authorised_export_term_years),False,False
2040,measurement_high,lng_canada_phase_2,LNG Canada Terminal,under_construction,export,41.627824000000004,39.969680333333336,1.6581436666666667,55.64240492170022,29.8,2031,26,Asset Register:authorised_export_end_year=2056 (hard stop; cuts 14y from Asset Register:authorised_export_term_years),False,False
2041,measurement_high,lng_canada_phase_2,LNG Canada Terminal,under_construction,export,41.627824000000004,39.969680333333336,1.6581436666666667,55.64240492170022,29.8,2031,26,Asset Register:authorised_export_end_year=2056 (hard stop; cuts 14y from Asset Register:authorised_export_term_years),False,False
2042,measurement_high,lng_canada_phase_2,LNG Canada Terminal,under_construction,export,41.627824000000004,39.969680333333336,1.6581436666666667,55.64240492170022,29.8,2031,26,Asset Register:authorised_export_end_year=2056 (hard stop; cuts 14y from Asset Register:authorised_export_term_years),False,False
2043,measurement_high,lng_canada_phase_2,LNG Canada Terminal,under_construction,export,41.627824000000004,39.969680333333336,1.6581436666666667,55.64240492170022,29.8,2031,26,Asset Register:authorised_export_end_year=2056 (hard stop; cuts 14y from Asset Register:authorised_export_term_years),False,False
2044,measurement_high,lng_canada_phase_2,LNG Canada Terminal,under_construction,export,41.627824000000004,39.969680333333336,1.6581436666666667,55.64240492170022,29.8,2031,26,Asset Register:authorised_export_end_year=2056 (hard stop; cuts 14y from Asset Register:authorised_export_term_years),False,False
2045,measurement_high,lng_canada_phase_2,LNG Canada Terminal,under_construction,export,41.627824000000004,39.969680333333336,1.6581436666666667,55.64240492170022,29.8,2031,26,Asset Register:authorised_export_end_year=2056 (hard stop; cuts 14y from Asset Register:authorised_export_term_years),False,False
2046,measurement_high,lng_canada_phase_2,LNG Canada Terminal,under_construction,export,41.627824000000004,39.969680333333336,1.6581436666666667,55.64240492170022,29.8,2031,26,Asset Register:authorised_export_end_year=2056 (hard stop; cuts 14y from Asset Register:authorised_export_term_years),False,False
2047,measurement_high,lng_canada_phase_2,LNG Canada Terminal,under_construction,export,41.627824000000004,39.969680333333336,1.6581436666666667,55.64240492170022,29.8,2031,26,Asset Register:authorised_export_end_year=2056 (hard stop; cuts 14y from Asset Register:authorised_export_term_years),False,False
2048,measurement_high,lng_canada_phase_2,LNG Canada Terminal,under_construction,export,41.627824000000004,39.969680333333336,1.6581436666666667,55.64240492170022,29.8,2031,26,Asset Register:authorised_export_end_year=2056 (hard stop; cuts 14y from Asset Register:authorised_export_term_years),False,False
2049,measurement_high,lng_canada_phase_2,LNG Canada Terminal,under_construction,export,41.627824000000004,39.969680333333336,1.6581436666666667,55.64240492170022,29.8,2031,26,Asset Register:authorised_export_end_year=2056 (hard stop; cuts 14y from Asset Register:authorised_export_term_years),False,False
2050,measurement_high,lng_canada_phase_2,LNG Canada Terminal,under_construction,export,41.627824000000004,39.969680333333336,1.6581436666666667,55.64240492170022,29.8,2031,26,Asset Register:authorised_export_end_year=2056 (hard stop; cuts 14y from Asset Register:authorised_export_term_years),False,False
2051,measurement_high,lng_canada_phase_2,LNG Canada Terminal,under_construction,export,41.627824000000004,39.969680333333336,1.6581436666666667,55.64240492170022,29.8,2031,26,Asset Register:authorised_export_end_year=2056 (hard stop; cuts 14y from Asset Register:authorised_export_term_years),False,False
2052,measurement_high,lng_canada_phase_2,LNG Canada Terminal,under_construction,export,41.627824000000004,39.969680333333336,1.6581436666666667,55.64240492170022,29.8,2031,26,Asset Register:authorised_export_end_year=2056 (hard stop; cuts 14y from Asset Register:authorised_export_term_years),False,False
2053,measurement_high,lng_canada_phase_2,LNG Canada Terminal,under_construction,export,41.627824000000004,39.969680333333336,1.6581436666666667,55.64240492170022,29.8,2031,26,Asset Register:authorised_export_end_year=2056 (hard stop; cuts 14y from Asset Register:authorised_export_term_years),False,False
2054,measurement_high,lng_canada_phase_2,LNG Canada Terminal,under_construction,export,41.627824000000004,39.969680333333336,1.6581436666666667,55.64240492170022,29.8,2031,26,Asset Register:authorised_export_end_year=2056 (hard stop; cuts 14y from Asset Register:authorised_export_term_years),False,False
2055,measurement_high,lng_canada_phase_2,LNG Canada Terminal,under_construction,export,41.627824000000004,39.969680333333336,1.6581436666666667,55.64240492170022,29.8,2031,26,Asset Register:authorised_export_end_year=2056 (hard stop; cuts 14y from Asset Register:authorised_export_term_years),False,False
2056,measurement_high,lng_canada_phase_2,LNG Canada Terminal,under_construction,export,41.627824000000004,39.969680333333336,1.6581436666666667,55.64240492170022,29.8,2031,26,Asset Register:authorised_export_end_year=2056 (hard stop; cuts 14y from Asset Register:authorised_export_term_years),False,False
2032,measurement_high,ksi_lisims_lng,Ksi Lisims FLNG Terminal,proposed,export,17.0112,16.3336,0.6776,22.738255033557046,29.8,2032,32,Asset Register:authorised_export_end_year=2063 (hard stop; cuts 8y from Asset Register:authorised_export_term_years),False,False
2033,measurement_high,ksi_lisims_lng,Ksi Lisims FLNG Terminal,proposed,export,29.7696,28.583800000000004,1.1858,39.79194630872483,29.8,2032,32,Asset Register:authorised_export_end_year=2063 (hard stop; cuts 8y from Asset Register:authorised_export_term_years),False,False
2034,measurement_high,ksi_lisims_lng,Ksi Lisims FLNG Terminal,proposed,export,35.680991999999996,34.259726,1.421266,47.693489932885896,29.8,2032,32,Asset Register:authorised_export_end_year=2063 (hard stop; cuts 8y from Asset Register:authorised_export_term_years),False,False
2035,measurement_high,ksi_lisims_lng,Ksi Lisims FLNG Terminal,proposed,export,35.680991999999996,34.259726,1.421266,47.693489932885896,29.8,2032,32,Asset Register:authorised_export_end_year=2063 (hard stop; cuts 8y from Asset Register:authorised_export_term_years),False,False
2036,measurement_high,ksi_lisims_lng,Ksi Lisims FLNG Terminal,proposed,export,35.680991999999996,34.259726,1.421266,47.693489932885896,29.8,2032,32,Asset Register:authorised_export_end_year=2063 (hard stop; cuts 8y from Asset Register:authorised_export_term_years),False,False
2037,measurement_high,ksi_lisims_lng,Ksi Lisims FLNG Terminal,proposed,export,35.680991999999996,34.259726,1.421266,47.693489932885896,29.8,2032,32,Asset Register:authorised_export_end_year=2063 (hard stop; cuts 8y from Asset Register:authorised_export_term_years),False,False
2038,measurement_high,ksi_lisims_lng,Ksi Lisims FLNG Terminal,proposed,export,35.680991999999996,34.259726,1.421266,47.693489932885896,29.8,2032,32,Asset Register:authorised_export_end_year=2063 (hard stop; cuts 8y from Asset Register:authorised_export_term_years),False,False
2039,measurement_high,ksi_lisims_lng,Ksi Lisims FLNG Terminal,proposed,export,35.680991999999996,34.259726,1.421266,47.693489932885896,29.8,2032,32,Asset Register:authorised_export_end_year=2063 (hard stop; cuts 8y from Asset Register:authorised_export_term_years),False,False
2040,measurement_high,ksi_lisims_lng,Ksi Lisims FLNG Terminal,proposed,export,35.680991999999996,34.259726,1.421266,47.693489932885896,29.8,2032,32,Asset Register:authorised_export_end_year=2063 (hard stop; cuts 8y from Asset Register:authorised_export_term_years),False,False
2041,measurement_high,ksi_lisims_lng,Ksi Lisims FLNG Terminal,proposed,export,35.680991999999996,34.259726,1.421266,47.693489932885896,29.8,2032,32,Asset Register:authorised_export_end_year=2063 (hard stop; cuts 8y from Asset Register:authorised_export_term_years),False,False
2042,measurement_high,ksi_lisims_lng,Ksi Lisims FLNG Terminal,proposed,export,35.680991999999996,34.259726,1.421266,47.693489932885896,29.8,2032,32,Asset Register:authorised_export_end_year=2063 (hard stop; cuts 8y from Asset Register:authorised_export_term_years),False,False
2043,measurement_high,ksi_lisims_lng,Ksi Lisims FLNG Terminal,proposed,export,35.680991999999996,34.259726,1.421266,47.693489932885896,29.8,2032,32,Asset Register:authorised_export_end_year=2063 (hard stop; cuts 8y from Asset Register:authorised_export_term_years),False,False
2044,measurement_high,ksi_lisims_lng,Ksi Lisims FLNG Terminal,proposed,export,35.680991999999996,34.259726,1.421266,47.693489932885896,29.8,2032,32,Asset Register:authorised_export_end_year=2063 (hard stop; cuts 8y from Asset Register:authorised_export_term_years),False,False
2045,measurement_high,ksi_lisims_lng,Ksi Lisims FLNG Terminal,proposed,export,35.680991999999996,34.259726,1.421266,47.693489932885896,29.8,2032,32,Asset Register:authorised_export_end_year=2063 (hard stop; cuts 8y from Asset Register:authorised_export_term_years),False,False
2046,measurement_high,ksi_lisims_lng,Ksi Lisims FLNG Terminal,proposed,export,35.680991999999996,34.259726,1.421266,47.693489932885896,29.8,2032,32,Asset Register:authorised_export_end_year=2063 (hard stop; cuts 8y from Asset Register:authorised_export_term_years),False,False
2047,measurement_high,ksi_lisims_lng,Ksi Lisims FLNG Terminal,proposed,export,35.680991999999996,34.259726,1.421266,47.693489932885896,29.8,2032,32,Asset Register:authorised_export_end_year=2063 (hard stop; cuts 8y from Asset Register:authorised_export_term_years),False,False
2048,measurement_high,ksi_lisims_lng,Ksi Lisims FLNG Terminal,proposed,export,35.680991999999996,34.259726,1.421266,47.693489932885896,29.8,2032,32,Asset Register:authorised_export_end_year=2063 (hard stop; cuts 8y from Asset Register:authorised_export_term_years),False,False
2049,measurement_high,ksi_lisims_lng,Ksi Lisims FLNG Terminal,proposed,export,35.680991999999996,34.259726,1.421266,47.693489932885896,29.8,2032,32,Asset Register:authorised_export_end_year=2063 (hard stop; cuts 8y from Asset Register:authorised_export_term_years),False,False
2050,measurement_high,ksi_lisims_lng,Ksi Lisims FLNG Terminal,proposed,export,35.680991999999996,34.259726,1.421266,47.693489932885896,29.8,2032,32,Asset Register:authorised_export_end_year=2063 (hard stop; cuts 8y from Asset Register:authorised_export_term_years),False,False
2051,measurement_high,ksi_lisims_lng,Ksi Lisims FLNG Terminal,proposed,export,35.680991999999996,34.259726,1.421266,47.693489932885896,29.8,2032,32,Asset Register:authorised_export_end_year=2063 (hard stop; cuts 8y from Asset Register:authorised_export_term_years),False,False
2052,measurement_high,ksi_lisims_lng,Ksi Lisims FLNG Terminal,proposed,export,35.680991999999996,34.259726,1.421266,47.693489932885896,29.8,2032,32,Asset Register:authorised_export_end_year=2063 (hard stop; cuts 8y from Asset Register:authorised_export_term_years),False,False
2053,measurement_high,ksi_lisims_lng,Ksi Lisims FLNG Terminal,proposed,export,35.680991999999996,34.259726,1.421266,47.693489932885896,29.8,2032,32,Asset Register:authorised_export_end_year=2063 (hard stop; cuts 8y from Asset Register:authorised_export_term_years),False,False
2054,measurement_high,ksi_lisims_lng,Ksi Lisims FLNG Terminal,proposed,export,35.680991999999996,34.259726,1.421266,47.693489932885896,29.8,2032,32,Asset Register:authorised_export_end_year=2063 (hard stop; cuts 8y from Asset Register:authorised_export_term_years),False,False
2055,measurement_high,ksi_lisims_lng,Ksi Lisims FLNG Terminal,proposed,export,35.680991999999996,34.259726,1.421266,47.693489932885896,29.8,2032,32,Asset Register:authorised_export_end_year=2063 (hard stop; cuts 8y from Asset Register:authorised_export_term_years),False,False
2056,measurement_high,ksi_lisims_lng,Ksi Lisims FLNG Terminal,proposed,export,35.680991999999996,34.259726,1.421266,47.693489932885896,29.8,2032,32,Asset Register:authorised_export_end_year=2063 (hard stop; cuts 8y from Asset Register:authorised_export_term_years),False,False
2057,measurement_high,ksi_lisims_lng,Ksi Lisims FLNG Terminal,proposed,export,35.680991999999996,34.259726,1.421266,47.693489932885896,29.8,2032,32,Asset Register:authorised_export_end_year=2063 (hard stop; cuts 8y from Asset Register:authorised_export_term_years),False,False
2058,measurement_high,ksi_lisims_lng,Ksi Lisims FLNG Terminal,proposed,export,35.680991999999996,34.259726,1.421266,47.693489932885896,29.8,2032,32,Asset Register:authorised_export_end_year=2063 (hard stop; cuts 8y from Asset Register:authorised_export_term_years),False,False
2059,measurement_high,ksi_lisims_lng,Ksi Lisims FLNG Terminal,proposed,export,35.680991999999996,34.259726,1.421266,47.693489932885896,29.8,2032,32,Asset Register:authorised_export_end_year=2063 (hard stop; cuts 8y from Asset Register:authorised_export_term_years),False,False
2060,measurement_high,ksi_lisims_lng,Ksi Lisims FLNG Terminal,proposed,export,35.680991999999996,34.259726,1.421266,47.693489932885896,29.8,2032,32,Asset Register:authorised_export_end_year=2063 (hard stop; cuts 8y from Asset Register:authorised_export_term_years),False,False
2061,measurement_high,ksi_lisims_lng,Ksi Lisims FLNG Terminal,proposed,export,35.680991999999996,34.259726,1.421266,47.693489932885896,29.8,2032,32,Asset Register:authorised_export_end_year=2063 (hard stop; cuts 8y from Asset Register:authorised_export_term_years),False,False
2062,measurement_high,ksi_lisims_lng,Ksi Lisims FLNG Terminal,proposed,export,35.680991999999996,34.259726,1.421266,47.693489932885896,29.8,2032,32,Asset Register:authorised_export_end_year=2063 (hard stop; cuts 8y from Asset Register:authorised_export_term_years),False,False
2063,measurement_high,ksi_lisims_lng,Ksi Lisims FLNG Terminal,proposed,export,35.680991999999996,34.259726,1.421266,47.693489932885896,29.8,2032,32,Asset Register:authorised_export_end_year=2063 (hard stop; cuts 8y from Asset Register:authorised_export_term_years),False,False
2035,measurement_high,marinvest_baie_comeau,"Kino Aski LNG (formerly Marinvest Energy, Baie-Comeau)",proposed,export,21.108631578947367,20.309105263157896,0.7995263157894736,26.82974214058636,29.8,2030,40,Parameters:lifecycle_years_default,True,False
2036,measurement_high,marinvest_baie_comeau,"Kino Aski LNG (formerly Marinvest Energy, Baie-Comeau)",proposed,export,36.940105263157896,35.540934210526316,1.3991710526315788,46.952048746026136,29.8,2030,40,Parameters:lifecycle_years_default,True,False
2037,measurement_high,marinvest_baie_comeau,"Kino Aski LNG (formerly Marinvest Energy, Baie-Comeau)",proposed,export,44.27535473684211,42.598348289473684,1.677006447368421,56.2753841398799,29.8,2030,40,Parameters:lifecycle_years_default,True,False
2038,measurement_high,marinvest_baie_comeau,"Kino Aski LNG (formerly Marinvest Energy, Baie-Comeau)",proposed,export,44.27535473684211,42.598348289473684,1.677006447368421,56.2753841398799,29.8,2030,40,Parameters:lifecycle_years_default,True,False
2039,measurement_high,marinvest_baie_comeau,"Kino Aski LNG (formerly Marinvest Energy, Baie-Comeau)",proposed,export,44.27535473684211,42.598348289473684,1.677006447368421,56.2753841398799,29.8,2030,40,Parameters:lifecycle_years_default,True,False
2040,measurement_high,marinvest_baie_comeau,"Kino Aski LNG (formerly Marinvest Energy, Baie-Comeau)",proposed,export,44.27535473684211,42.598348289473684,1.677006447368421,56.2753841398799,29.8,2030,40,Parameters:lifecycle_years_default,True,False
2041,measurement_high,marinvest_baie_comeau,"Kino Aski LNG (formerly Marinvest Energy, Baie-Comeau)",proposed,export,44.27535473684211,42.598348289473684,1.677006447368421,56.2753841398799,29.8,2030,40,Parameters:lifecycle_years_default,True,False
2042,measurement_high,marinvest_baie_comeau,"Kino Aski LNG (formerly Marinvest Energy, Baie-Comeau)",proposed,export,44.27535473684211,42.598348289473684,1.677006447368421,56.2753841398799,29.8,2030,40,Parameters:lifecycle_years_default,True,False
2043,measurement_high,marinvest_baie_comeau,"Kino Aski LNG (formerly Marinvest Energy, Baie-Comeau)",proposed,export,44.27535473684211,42.598348289473684,1.677006447368421,56.2753841398799,29.8,2030,40,Parameters:lifecycle_years_default,True,False
2044,measurement_high,marinvest_baie_comeau,"Kino Aski LNG (formerly Marinvest Energy, Baie-Comeau)",proposed,export,44.27535473684211,42.598348289473684,1.677006447368421,56.2753841398799,29.8,2030,40,Parameters:lifecycle_years_default,True,False
2045,measurement_high,marinvest_baie_comeau,"Kino Aski LNG (formerly Marinvest Energy, Baie-Comeau)",proposed,export,44.27535473684211,42.598348289473684,1.677006447368421,56.2753841398799,29.8,2030,40,Parameters:lifecycle_years_default,True,False
2046,measurement_high,marinvest_baie_comeau,"Kino Aski LNG (formerly Marinvest Energy, Baie-Comeau)",proposed,export,44.27535473684211,42.598348289473684,1.677006447368421,56.2753841398799,29.8,2030,40,Parameters:lifecycle_years_default,True,False
2047,measurement_high,marinvest_baie_comeau,"Kino Aski LNG (formerly Marinvest Energy, Baie-Comeau)",proposed,export,44.27535473684211,42.598348289473684,1.677006447368421,56.2753841398799,29.8,2030,40,Parameters:lifecycle_years_default,True,False
2048,measurement_high,marinvest_baie_comeau,"Kino Aski LNG (formerly Marinvest Energy, Baie-Comeau)",proposed,export,44.27535473684211,42.598348289473684,1.677006447368421,56.2753841398799,29.8,2030,40,Parameters:lifecycle_years_default,True,False
2049,measurement_high,marinvest_baie_comeau,"Kino Aski LNG (formerly Marinvest Energy, Baie-Comeau)",proposed,export,44.27535473684211,42.598348289473684,1.677006447368421,56.2753841398799,29.8,2030,40,Parameters:lifecycle_years_default,True,False
2050,measurement_high,marinvest_baie_comeau,"Kino Aski LNG (formerly Marinvest Energy, Baie-Comeau)",proposed,export,44.27535473684211,42.598348289473684,1.677006447368421,56.2753841398799,29.8,2030,40,Parameters:lifecycle_years_default,True,False
2051,measurement_high,marinvest_baie_comeau,"Kino Aski LNG (formerly Marinvest Energy, Baie-Comeau)",proposed,export,44.27535473684211,42.598348289473684,1.677006447368421,56.2753841398799,29.8,2030,40,Parameters:lifecycle_years_default,True,False
2052,measurement_high,marinvest_baie_comeau,"Kino Aski LNG (formerly Marinvest Energy, Baie-Comeau)",proposed,export,44.27535473684211,42.598348289473684,1.677006447368421,56.2753841398799,29.8,2030,40,Parameters:lifecycle_years_default,True,False
2053,measurement_high,marinvest_baie_comeau,"Kino Aski LNG (formerly Marinvest Energy, Baie-Comeau)",proposed,export,44.27535473684211,42.598348289473684,1.677006447368421,56.2753841398799,29.8,2030,40,Parameters:lifecycle_years_default,True,False
2054,measurement_high,marinvest_baie_comeau,"Kino Aski LNG (formerly Marinvest Energy, Baie-Comeau)",proposed,export,44.27535473684211,42.598348289473684,1.677006447368421,56.2753841398799,29.8,2030,40,Parameters:lifecycle_years_default,True,False
2055,measurement_high,marinvest_baie_comeau,"Kino Aski LNG (formerly Marinvest Energy, Baie-Comeau)",proposed,export,44.27535473684211,42.598348289473684,1.677006447368421,56.2753841398799,29.8,2030,40,Parameters:lifecycle_years_default,True,False
2056,measurement_high,marinvest_baie_comeau,"Kino Aski LNG (formerly Marinvest Energy, Baie-Comeau)",proposed,export,44.27535473684211,42.598348289473684,1.677006447368421,56.2753841398799,29.8,2030,40,Parameters:lifecycle_years_default,True,False
2057,measurement_high,marinvest_baie_comeau,"Kino Aski LNG (formerly Marinvest Energy, Baie-Comeau)",proposed,export,44.27535473684211,42.598348289473684,1.677006447368421,56.2753841398799,29.8,2030,40,Parameters:lifecycle_years_default,True,False
2058,measurement_high,marinvest_baie_comeau,"Kino Aski LNG (formerly Marinvest Energy, Baie-Comeau)",proposed,export,44.27535473684211,42.598348289473684,1.677006447368421,56.2753841398799,29.8,2030,40,Parameters:lifecycle_years_default,True,False
2059,measurement_high,marinvest_baie_comeau,"Kino Aski LNG (formerly Marinvest Energy, Baie-Comeau)",proposed,export,44.27535473684211,42.598348289473684,1.677006447368421,56.2753841398799,29.8,2030,40,Parameters:lifecycle_years_default,True,False
2060,measurement_high,marinvest_baie_comeau,"Kino Aski LNG (formerly Marinvest Energy, Baie-Comeau)",proposed,export,44.27535473684211,42.598348289473684,1.677006447368421,56.2753841398799,29.8,2030,40,Parameters:lifecycle_years_default,True,False
2061,measurement_high,marinvest_baie_comeau,"Kino Aski LNG (formerly Marinvest Energy, Baie-Comeau)",proposed,export,44.27535473684211,42.598348289473684,1.677006447368421,56.2753841398799,29.8,2030,40,Parameters:lifecycle_years_default,True,False
2062,measurement_high,marinvest_baie_comeau,"Kino Aski LNG (formerly Marinvest Energy, Baie-Comeau)",proposed,export,44.27535473684211,42.598348289473684,1.677006447368421,56.2753841398799,29.8,2030,40,Parameters:lifecycle_years_default,True,False
2063,measurement_high,marinvest_baie_comeau,"Kino Aski LNG (formerly Marinvest Energy, Baie-Comeau)",proposed,export,44.27535473684211,42.598348289473684,1.677006447368421,56.2753841398799,29.8,2030,40,Parameters:lifecycle_years_default,True,False
2064,measurement_high,marinvest_baie_comeau,"Kino Aski LNG (formerly Marinvest Energy, Baie-Comeau)",proposed,export,44.27535473684211,42.598348289473684,1.677006447368421,56.2753841398799,29.8,2030,40,Parameters:lifecycle_years_default,True,False
2065,measurement_high,marinvest_baie_comeau,"Kino Aski LNG (formerly Marinvest Energy, Baie-Comeau)",proposed,export,44.27535473684211,42.598348289473684,1.677006447368421,56.2753841398799,29.8,2030,40,Parameters:lifecycle_years_default,True,False
2066,measurement_high,marinvest_baie_comeau,"Kino Aski LNG (formerly Marinvest Energy, Baie-Comeau)",proposed,export,44.27535473684211,42.598348289473684,1.677006447368421,56.2753841398799,29.8,2030,40,Parameters:lifecycle_years_default,True,False
2067,measurement_high,marinvest_baie_comeau,"Kino Aski LNG (formerly Marinvest Energy, Baie-Comeau)",proposed,export,44.27535473684211,42.598348289473684,1.677006447368421,56.2753841398799,29.8,2030,40,Parameters:lifecycle_years_default,True,False
2068,measurement_high,marinvest_baie_comeau,"Kino Aski LNG (formerly Marinvest Energy, Baie-Comeau)",proposed,export,44.27535473684211,42.598348289473684,1.677006447368421,56.2753841398799,29.8,2030,40,Parameters:lifecycle_years_default,True,False
2069,measurement_high,marinvest_baie_comeau,"Kino Aski LNG (formerly Marinvest Energy, Baie-Comeau)",proposed,export,44.27535473684211,42.598348289473684,1.677006447368421,56.2753841398799,29.8,2030,40,Parameters:lifecycle_years_default,True,False
2035,measurement_high,summit_lake_pg_lng,Summit Lake PG LNG,proposed,export,3.8275200000000003,3.6750600000000007,0.15246,5.116107382550336,29.8,2030,35,Asset Register:project_life_years + fid_delay_mid=5y (delay moves the life later; operating years kept),True,False
2036,measurement_high,summit_lake_pg_lng,Summit Lake PG LNG,proposed,export,6.698159999999999,6.431354999999999,0.26680499999999996,8.953187919463085,29.8,2030,35,Asset Register:project_life_years + fid_delay_mid=5y (delay moves the life later; operating years kept),True,False
2037,measurement_high,summit_lake_pg_lng,Summit Lake PG LNG,proposed,export,8.0282232,7.70843835,0.31978484999999995,10.731035234899327,29.8,2030,35,Asset Register:project_life_years + fid_delay_mid=5y (delay moves the life later; operating years kept),True,False
2038,measurement_high,summit_lake_pg_lng,Summit Lake PG LNG,proposed,export,8.0282232,7.70843835,0.31978484999999995,10.731035234899327,29.8,2030,35,Asset Register:project_life_years + fid_delay_mid=5y (delay moves the life later; operating years kept),True,False
2039,measurement_high,summit_lake_pg_lng,Summit Lake PG LNG,proposed,export,8.0282232,7.70843835,0.31978484999999995,10.731035234899327,29.8,2030,35,Asset Register:project_life_years + fid_delay_mid=5y (delay moves the life later; operating years kept),True,False
2040,measurement_high,summit_lake_pg_lng,Summit Lake PG LNG,proposed,export,8.0282232,7.70843835,0.31978484999999995,10.731035234899327,29.8,2030,35,Asset Register:project_life_years + fid_delay_mid=5y (delay moves the life later; operating years kept),True,False
2041,measurement_high,summit_lake_pg_lng,Summit Lake PG LNG,proposed,export,8.0282232,7.70843835,0.31978484999999995,10.731035234899327,29.8,2030,35,Asset Register:project_life_years + fid_delay_mid=5y (delay moves the life later; operating years kept),True,False
2042,measurement_high,summit_lake_pg_lng,Summit Lake PG LNG,proposed,export,8.0282232,7.70843835,0.31978484999999995,10.731035234899327,29.8,2030,35,Asset Register:project_life_years + fid_delay_mid=5y (delay moves the life later; operating years kept),True,False
2043,measurement_high,summit_lake_pg_lng,Summit Lake PG LNG,proposed,export,8.0282232,7.70843835,0.31978484999999995,10.731035234899327,29.8,2030,35,Asset Register:project_life_years + fid_delay_mid=5y (delay moves the life later; operating years kept),True,False
2044,measurement_high,summit_lake_pg_lng,Summit Lake PG LNG,proposed,export,8.0282232,7.70843835,0.31978484999999995,10.731035234899327,29.8,2030,35,Asset Register:project_life_years + fid_delay_mid=5y (delay moves the life later; operating years kept),True,False
2045,measurement_high,summit_lake_pg_lng,Summit Lake PG LNG,proposed,export,8.0282232,7.70843835,0.31978484999999995,10.731035234899327,29.8,2030,35,Asset Register:project_life_years + fid_delay_mid=5y (delay moves the life later; operating years kept),True,False
2046,measurement_high,summit_lake_pg_lng,Summit Lake PG LNG,proposed,export,8.0282232,7.70843835,0.31978484999999995,10.731035234899327,29.8,2030,35,Asset Register:project_life_years + fid_delay_mid=5y (delay moves the life later; operating years kept),True,False
2047,measurement_high,summit_lake_pg_lng,Summit Lake PG LNG,proposed,export,8.0282232,7.70843835,0.31978484999999995,10.731035234899327,29.8,2030,35,Asset Register:project_life_years + fid_delay_mid=5y (delay moves the life later; operating years kept),True,False
2048,measurement_high,summit_lake_pg_lng,Summit Lake PG LNG,proposed,export,8.0282232,7.70843835,0.31978484999999995,10.731035234899327,29.8,2030,35,Asset Register:project_life_years + fid_delay_mid=5y (delay moves the life later; operating years kept),True,False
2049,measurement_high,summit_lake_pg_lng,Summit Lake PG LNG,proposed,export,8.0282232,7.70843835,0.31978484999999995,10.731035234899327,29.8,2030,35,Asset Register:project_life_years + fid_delay_mid=5y (delay moves the life later; operating years kept),True,False
2050,measurement_high,summit_lake_pg_lng,Summit Lake PG LNG,proposed,export,8.0282232,7.70843835,0.31978484999999995,10.731035234899327,29.8,2030,35,Asset Register:project_life_years + fid_delay_mid=5y (delay moves the life later; operating years kept),True,False
2051,measurement_high,summit_lake_pg_lng,Summit Lake PG LNG,proposed,export,8.0282232,7.70843835,0.31978484999999995,10.731035234899327,29.8,2030,35,Asset Register:project_life_years + fid_delay_mid=5y (delay moves the life later; operating years kept),True,False
2052,measurement_high,summit_lake_pg_lng,Summit Lake PG LNG,proposed,export,8.0282232,7.70843835,0.31978484999999995,10.731035234899327,29.8,2030,35,Asset Register:project_life_years + fid_delay_mid=5y (delay moves the life later; operating years kept),True,False
2053,measurement_high,summit_lake_pg_lng,Summit Lake PG LNG,proposed,export,8.0282232,7.70843835,0.31978484999999995,10.731035234899327,29.8,2030,35,Asset Register:project_life_years + fid_delay_mid=5y (delay moves the life later; operating years kept),True,False
2054,measurement_high,summit_lake_pg_lng,Summit Lake PG LNG,proposed,export,8.0282232,7.70843835,0.31978484999999995,10.731035234899327,29.8,2030,35,Asset Register:project_life_years + fid_delay_mid=5y (delay moves the life later; operating years kept),True,False
2055,measurement_high,summit_lake_pg_lng,Summit Lake PG LNG,proposed,export,8.0282232,7.70843835,0.31978484999999995,10.731035234899327,29.8,2030,35,Asset Register:project_life_years + fid_delay_mid=5y (delay moves the life later; operating years kept),True,False
2056,measurement_high,summit_lake_pg_lng,Summit Lake PG LNG,proposed,export,8.0282232,7.70843835,0.31978484999999995,10.731035234899327,29.8,2030,35,Asset Register:project_life_years + fid_delay_mid=5y (delay moves the life later; operating years kept),True,False
2057,measurement_high,summit_lake_pg_lng,Summit Lake PG LNG,proposed,export,8.0282232,7.70843835,0.31978484999999995,10.731035234899327,29.8,2030,35,Asset Register:project_life_years + fid_delay_mid=5y (delay moves the life later; operating years kept),True,False
2058,measurement_high,summit_lake_pg_lng,Summit Lake PG LNG,proposed,export,8.0282232,7.70843835,0.31978484999999995,10.731035234899327,29.8,2030,35,Asset Register:project_life_years + fid_delay_mid=5y (delay moves the life later; operating years kept),True,False
2059,measurement_high,summit_lake_pg_lng,Summit Lake PG LNG,proposed,export,8.0282232,7.70843835,0.31978484999999995,10.731035234899327,29.8,2030,35,Asset Register:project_life_years + fid_delay_mid=5y (delay moves the life later; operating years kept),True,False
2060,measurement_high,summit_lake_pg_lng,Summit Lake PG LNG,proposed,export,8.0282232,7.70843835,0.31978484999999995,10.731035234899327,29.8,2030,35,Asset Register:project_life_years + fid_delay_mid=5y (delay moves the life later; operating years kept),True,False
2061,measurement_high,summit_lake_pg_lng,Summit Lake PG LNG,proposed,export,8.0282232,7.70843835,0.31978484999999995,10.731035234899327,29.8,2030,35,Asset Register:project_life_years + fid_delay_mid=5y (delay moves the life later; operating years kept),True,False
2062,measurement_high,summit_lake_pg_lng,Summit Lake PG LNG,proposed,export,8.0282232,7.70843835,0.31978484999999995,10.731035234899327,29.8,2030,35,Asset Register:project_life_years + fid_delay_mid=5y (delay moves the life later; operating years kept),True,False
2063,measurement_high,summit_lake_pg_lng,Summit Lake PG LNG,proposed,export,8.0282232,7.70843835,0.31978484999999995,10.731035234899327,29.8,2030,35,Asset Register:project_life_years + fid_delay_mid=5y (delay moves the life later; operating years kept),True,False
2064,measurement_high,summit_lake_pg_lng,Summit Lake PG LNG,proposed,export,8.0282232,7.70843835,0.31978484999999995,10.731035234899327,29.8,2030,35,Asset Register:project_life_years + fid_delay_mid=5y (delay moves the life later; operating years kept),True,False
2035,measurement_high,fermeuse_energy_flng,Fermeuse Energy FLNG Terminal,proposed,export,14.008,13.494666666666665,0.5133333333333333,17.22595078299776,29.8,2030,23,Asset Register:project_life_years + fid_delay_mid=5y (delay moves the life later; operating years kept),True,False
2036,measurement_high,fermeuse_energy_flng,Fermeuse Energy FLNG Terminal,proposed,export,24.514,23.615666666666666,0.8983333333333333,30.145413870246085,29.8,2030,23,Asset Register:project_life_years + fid_delay_mid=5y (delay moves the life later; operating years kept),True,False
2037,measurement_high,fermeuse_energy_flng,Fermeuse Energy FLNG Terminal,proposed,export,29.38178,28.305063333333333,1.0767166666666668,36.13143176733781,29.8,2030,23,Asset Register:project_life_years + fid_delay_mid=5y (delay moves the life later; operating years kept),True,False
2038,measurement_high,fermeuse_energy_flng,Fermeuse Energy FLNG Terminal,proposed,export,29.38178,28.305063333333333,1.0767166666666668,36.13143176733781,29.8,2030,23,Asset Register:project_life_years + fid_delay_mid=5y (delay moves the life later; operating years kept),True,False
2039,measurement_high,fermeuse_energy_flng,Fermeuse Energy FLNG Terminal,proposed,export,29.38178,28.305063333333333,1.0767166666666668,36.13143176733781,29.8,2030,23,Asset Register:project_life_years + fid_delay_mid=5y (delay moves the life later; operating years kept),True,False
2040,measurement_high,fermeuse_energy_flng,Fermeuse Energy FLNG Terminal,proposed,export,29.38178,28.305063333333333,1.0767166666666668,36.13143176733781,29.8,2030,23,Asset Register:project_life_years + fid_delay_mid=5y (delay moves the life later; operating years kept),True,False
2041,measurement_high,fermeuse_energy_flng,Fermeuse Energy FLNG Terminal,proposed,export,29.38178,28.305063333333333,1.0767166666666668,36.13143176733781,29.8,2030,23,Asset Register:project_life_years + fid_delay_mid=5y (delay moves the life later; operating years kept),True,False
2042,measurement_high,fermeuse_energy_flng,Fermeuse Energy FLNG Terminal,proposed,export,29.38178,28.305063333333333,1.0767166666666668,36.13143176733781,29.8,2030,23,Asset Register:project_life_years + fid_delay_mid=5y (delay moves the life later; operating years kept),True,False
2043,measurement_high,fermeuse_energy_flng,Fermeuse Energy FLNG Terminal,proposed,export,29.38178,28.305063333333333,1.0767166666666668,36.13143176733781,29.8,2030,23,Asset Register:project_life_years + fid_delay_mid=5y (delay moves the life later; operating years kept),True,False
2044,measurement_high,fermeuse_energy_flng,Fermeuse Energy FLNG Terminal,proposed,export,29.38178,28.305063333333333,1.0767166666666668,36.13143176733781,29.8,2030,23,Asset Register:project_life_years + fid_delay_mid=5y (delay moves the life later; operating years kept),True,False
2045,measurement_high,fermeuse_energy_flng,Fermeuse Energy FLNG Terminal,proposed,export,29.38178,28.305063333333333,1.0767166666666668,36.13143176733781,29.8,2030,23,Asset Register:project_life_years + fid_delay_mid=5y (delay moves the life later; operating years kept),True,False
2046,measurement_high,fermeuse_energy_flng,Fermeuse Energy FLNG Terminal,proposed,export,29.38178,28.305063333333333,1.0767166666666668,36.13143176733781,29.8,2030,23,Asset Register:project_life_years + fid_delay_mid=5y (delay moves the life later; operating years kept),True,False
2047,measurement_high,fermeuse_energy_flng,Fermeuse Energy FLNG Terminal,proposed,export,29.38178,28.305063333333333,1.0767166666666668,36.13143176733781,29.8,2030,23,Asset Register:project_life_years + fid_delay_mid=5y (delay moves the life later; operating years kept),True,False
2048,measurement_high,fermeuse_energy_flng,Fermeuse Energy FLNG Terminal,proposed,export,29.38178,28.305063333333333,1.0767166666666668,36.13143176733781,29.8,2030,23,Asset Register:project_life_years + fid_delay_mid=5y (delay moves the life later; operating years kept),True,False
2049,measurement_high,fermeuse_energy_flng,Fermeuse Energy FLNG Terminal,proposed,export,29.38178,28.305063333333333,1.0767166666666668,36.13143176733781,29.8,2030,23,Asset Register:project_life_years + fid_delay_mid=5y (delay moves the life later; operating years kept),True,False
2050,measurement_high,fermeuse_energy_flng,Fermeuse Energy FLNG Terminal,proposed,export,29.38178,28.305063333333333,1.0767166666666668,36.13143176733781,29.8,2030,23,Asset Register:project_life_years + fid_delay_mid=5y (delay moves the life later; operating years kept),True,False
2051,measurement_high,fermeuse_energy_flng,Fermeuse Energy FLNG Terminal,proposed,export,29.38178,28.305063333333333,1.0767166666666668,36.13143176733781,29.8,2030,23,Asset Register:project_life_years + fid_delay_mid=5y (delay moves the life later; operating years kept),True,False
2052,measurement_high,fermeuse_energy_flng,Fermeuse Energy FLNG Terminal,proposed,export,29.38178,28.305063333333333,1.0767166666666668,36.13143176733781,29.8,2030,23,Asset Register:project_life_years + fid_delay_mid=5y (delay moves the life later; operating years kept),True,False
2035,measurement_high,kanata_lng,Kanata LNG,proposed,export,17.0112,16.3336,0.6776,22.738255033557046,29.8,2030,40,Parameters:lifecycle_years_default,True,False
2036,measurement_high,kanata_lng,Kanata LNG,proposed,export,29.7696,28.583800000000004,1.1858,39.79194630872483,29.8,2030,40,Parameters:lifecycle_years_default,True,False
2037,measurement_high,kanata_lng,Kanata LNG,proposed,export,35.680991999999996,34.259726,1.421266,47.693489932885896,29.8,2030,40,Parameters:lifecycle_years_default,True,False
2038,measurement_high,kanata_lng,Kanata LNG,proposed,export,35.680991999999996,34.259726,1.421266,47.693489932885896,29.8,2030,40,Parameters:lifecycle_years_default,True,False
2039,measurement_high,kanata_lng,Kanata LNG,proposed,export,35.680991999999996,34.259726,1.421266,47.693489932885896,29.8,2030,40,Parameters:lifecycle_years_default,True,False
2040,measurement_high,kanata_lng,Kanata LNG,proposed,export,35.680991999999996,34.259726,1.421266,47.693489932885896,29.8,2030,40,Parameters:lifecycle_years_default,True,False
2041,measurement_high,kanata_lng,Kanata LNG,proposed,export,35.680991999999996,34.259726,1.421266,47.693489932885896,29.8,2030,40,Parameters:lifecycle_years_default,True,False
2042,measurement_high,kanata_lng,Kanata LNG,proposed,export,35.680991999999996,34.259726,1.421266,47.693489932885896,29.8,2030,40,Parameters:lifecycle_years_default,True,False
2043,measurement_high,kanata_lng,Kanata LNG,proposed,export,35.680991999999996,34.259726,1.421266,47.693489932885896,29.8,2030,40,Parameters:lifecycle_years_default,True,False
2044,measurement_high,kanata_lng,Kanata LNG,proposed,export,35.680991999999996,34.259726,1.421266,47.693489932885896,29.8,2030,40,Parameters:lifecycle_years_default,True,False
2045,measurement_high,kanata_lng,Kanata LNG,proposed,export,35.680991999999996,34.259726,1.421266,47.693489932885896,29.8,2030,40,Parameters:lifecycle_years_default,True,False
2046,measurement_high,kanata_lng,Kanata LNG,proposed,export,35.680991999999996,34.259726,1.421266,47.693489932885896,29.8,2030,40,Parameters:lifecycle_years_default,True,False
2047,measurement_high,kanata_lng,Kanata LNG,proposed,export,35.680991999999996,34.259726,1.421266,47.693489932885896,29.8,2030,40,Parameters:lifecycle_years_default,True,False
2048,measurement_high,kanata_lng,Kanata LNG,proposed,export,35.680991999999996,34.259726,1.421266,47.693489932885896,29.8,2030,40,Parameters:lifecycle_years_default,True,False
2049,measurement_high,kanata_lng,Kanata LNG,proposed,export,35.680991999999996,34.259726,1.421266,47.693489932885896,29.8,2030,40,Parameters:lifecycle_years_default,True,False
2050,measurement_high,kanata_lng,Kanata LNG,proposed,export,35.680991999999996,34.259726,1.421266,47.693489932885896,29.8,2030,40,Parameters:lifecycle_years_default,True,False
2051,measurement_high,kanata_lng,Kanata LNG,proposed,export,35.680991999999996,34.259726,1.421266,47.693489932885896,29.8,2030,40,Parameters:lifecycle_years_default,True,False
2052,measurement_high,kanata_lng,Kanata LNG,proposed,export,35.680991999999996,34.259726,1.421266,47.693489932885896,29.8,2030,40,Parameters:lifecycle_years_default,True,False
2053,measurement_high,kanata_lng,Kanata LNG,proposed,export,35.680991999999996,34.259726,1.421266,47.693489932885896,29.8,2030,40,Parameters:lifecycle_years_default,True,False
2054,measurement_high,kanata_lng,Kanata LNG,proposed,export,35.680991999999996,34.259726,1.421266,47.693489932885896,29.8,2030,40,Parameters:lifecycle_years_default,True,False
2055,measurement_high,kanata_lng,Kanata LNG,proposed,export,35.680991999999996,34.259726,1.421266,47.693489932885896,29.8,2030,40,Parameters:lifecycle_years_default,True,False
2056,measurement_high,kanata_lng,Kanata LNG,proposed,export,35.680991999999996,34.259726,1.421266,47.693489932885896,29.8,2030,40,Parameters:lifecycle_years_default,True,False
2057,measurement_high,kanata_lng,Kanata LNG,proposed,export,35.680991999999996,34.259726,1.421266,47.693489932885896,29.8,2030,40,Parameters:lifecycle_years_default,True,False
2058,measurement_high,kanata_lng,Kanata LNG,proposed,export,35.680991999999996,34.259726,1.421266,47.693489932885896,29.8,2030,40,Parameters:lifecycle_years_default,True,False
2059,measurement_high,kanata_lng,Kanata LNG,proposed,export,35.680991999999996,34.259726,1.421266,47.693489932885896,29.8,2030,40,Parameters:lifecycle_years_default,True,False
2060,measurement_high,kanata_lng,Kanata LNG,proposed,export,35.680991999999996,34.259726,1.421266,47.693489932885896,29.8,2030,40,Parameters:lifecycle_years_default,True,False
2061,measurement_high,kanata_lng,Kanata LNG,proposed,export,35.680991999999996,34.259726,1.421266,47.693489932885896,29.8,2030,40,Parameters:lifecycle_years_default,True,False
2062,measurement_high,kanata_lng,Kanata LNG,proposed,export,35.680991999999996,34.259726,1.421266,47.693489932885896,29.8,2030,40,Parameters:lifecycle_years_default,True,False
2063,measurement_high,kanata_lng,Kanata LNG,proposed,export,35.680991999999996,34.259726,1.421266,47.693489932885896,29.8,2030,40,Parameters:lifecycle_years_default,True,False
2064,measurement_high,kanata_lng,Kanata LNG,proposed,export,35.680991999999996,34.259726,1.421266,47.693489932885896,29.8,2030,40,Parameters:lifecycle_years_default,True,False
2065,measurement_high,kanata_lng,Kanata LNG,proposed,export,35.680991999999996,34.259726,1.421266,47.693489932885896,29.8,2030,40,Parameters:lifecycle_years_default,True,False
2066,measurement_high,kanata_lng,Kanata LNG,proposed,export,35.680991999999996,34.259726,1.421266,47.693489932885896,29.8,2030,40,Parameters:lifecycle_years_default,True,False
2067,measurement_high,kanata_lng,Kanata LNG,proposed,export,35.680991999999996,34.259726,1.421266,47.693489932885896,29.8,2030,40,Parameters:lifecycle_years_default,True,False
2068,measurement_high,kanata_lng,Kanata LNG,proposed,export,35.680991999999996,34.259726,1.421266,47.693489932885896,29.8,2030,40,Parameters:lifecycle_years_default,True,False
2069,measurement_high,kanata_lng,Kanata LNG,proposed,export,35.680991999999996,34.259726,1.421266,47.693489932885896,29.8,2030,40,Parameters:lifecycle_years_default,True,False
2025,near_term_methane_gwp20,lng_canada_phase_1,LNG Canada Terminal,operating,export,12.932500000000001,11.909916666666668,1.0225833333333334,,,2025,32,Asset Register:authorised_export_end_year=2056 (hard stop; cuts 8y from Asset Register:authorised_export_term_years),False,False
2026,near_term_methane_gwp20,lng_canada_phase_1,LNG Canada Terminal,operating,export,31.038000000000004,28.583800000000004,2.4542,,,2025,32,Asset Register:authorised_export_end_year=2056 (hard stop; cuts 8y from Asset Register:authorised_export_term_years),False,False
2027,near_term_methane_gwp20,lng_canada_phase_1,LNG Canada Terminal,operating,export,43.9705,40.49371666666667,3.4767833333333336,,,2025,32,Asset Register:authorised_export_end_year=2056 (hard stop; cuts 8y from Asset Register:authorised_export_term_years),False,False
2028,near_term_methane_gwp20,lng_canada_phase_1,LNG Canada Terminal,operating,export,43.9705,40.49371666666667,3.4767833333333336,,,2025,32,Asset Register:authorised_export_end_year=2056 (hard stop; cuts 8y from Asset Register:authorised_export_term_years),False,False
2029,near_term_methane_gwp20,lng_canada_phase_1,LNG Canada Terminal,operating,export,43.9705,40.49371666666667,3.4767833333333336,,,2025,32,Asset Register:authorised_export_end_year=2056 (hard stop; cuts 8y from Asset Register:authorised_export_term_years),False,False
2030,near_term_methane_gwp20,lng_canada_phase_1,LNG Canada Terminal,operating,export,43.9705,40.49371666666667,3.4767833333333336,,,2025,32,Asset Register:authorised_export_end_year=2056 (hard stop; cuts 8y from Asset Register:authorised_export_term_years),False,False
2031,near_term_methane_gwp20,lng_canada_phase_1,LNG Canada Terminal,operating,export,43.9705,40.49371666666667,3.4767833333333336,,,2025,32,Asset Register:authorised_export_end_year=2056 (hard stop; cuts 8y from Asset Register:authorised_export_term_years),False,False
2032,near_term_methane_gwp20,lng_canada_phase_1,LNG Canada Terminal,operating,export,43.9705,40.49371666666667,3.4767833333333336,,,2025,32,Asset Register:authorised_export_end_year=2056 (hard stop; cuts 8y from Asset Register:authorised_export_term_years),False,False
2033,near_term_methane_gwp20,lng_canada_phase_1,LNG Canada Terminal,operating,export,43.9705,40.49371666666667,3.4767833333333336,,,2025,32,Asset Register:authorised_export_end_year=2056 (hard stop; cuts 8y from Asset Register:authorised_export_term_years),False,False
2034,near_term_methane_gwp20,lng_canada_phase_1,LNG Canada Terminal,operating,export,43.9705,40.49371666666667,3.4767833333333336,,,2025,32,Asset Register:authorised_export_end_year=2056 (hard stop; cuts 8y from Asset Register:authorised_export_term_years),False,False
2035,near_term_methane_gwp20,lng_canada_phase_1,LNG Canada Terminal,operating,export,43.9705,40.49371666666667,3.4767833333333336,,,2025,32,Asset Register:authorised_export_end_year=2056 (hard stop; cuts 8y from Asset Register:authorised_export_term_years),False,False
2036,near_term_methane_gwp20,lng_canada_phase_1,LNG Canada Terminal,operating,export,43.9705,40.49371666666667,3.4767833333333336,,,2025,32,Asset Register:authorised_export_end_year=2056 (hard stop; cuts 8y from Asset Register:authorised_export_term_years),False,False
2037,near_term_methane_gwp20,lng_canada_phase_1,LNG Canada Terminal,operating,export,43.9705,40.49371666666667,3.4767833333333336,,,2025,32,Asset Register:authorised_export_end_year=2056 (hard stop; cuts 8y from Asset Register:authorised_export_term_years),False,False
2038,near_term_methane_gwp20,lng_canada_phase_1,LNG Canada Terminal,operating,export,43.9705,40.49371666666667,3.4767833333333336,,,2025,32,Asset Register:authorised_export_end_year=2056 (hard stop; cuts 8y from Asset Register:authorised_export_term_years),False,False
2039,near_term_methane_gwp20,lng_canada_phase_1,LNG Canada Terminal,operating,export,43.9705,40.49371666666667,3.4767833333333336,,,2025,32,Asset Register:authorised_export_end_year=2056 (hard stop; cuts 8y from Asset Register:authorised_export_term_years),False,False
2040,near_term_methane_gwp20,lng_canada_phase_1,LNG Canada Terminal,operating,export,43.9705,40.49371666666667,3.4767833333333336,,,2025,32,Asset Register:authorised_export_end_year=2056 (hard stop; cuts 8y from Asset Register:authorised_export_term_years),False,False
2041,near_term_methane_gwp20,lng_canada_phase_1,LNG Canada Terminal,operating,export,43.9705,40.49371666666667,3.4767833333333336,,,2025,32,Asset Register:authorised_export_end_year=2056 (hard stop; cuts 8y from Asset Register:authorised_export_term_years),False,False
2042,near_term_methane_gwp20,lng_canada_phase_1,LNG Canada Terminal,operating,export,43.9705,40.49371666666667,3.4767833333333336,,,2025,32,Asset Register:authorised_export_end_year=2056 (hard stop; cuts 8y from Asset Register:authorised_export_term_years),False,False
2043,near_term_methane_gwp20,lng_canada_phase_1,LNG Canada Terminal,operating,export,43.9705,40.49371666666667,3.4767833333333336,,,2025,32,Asset Register:authorised_export_end_year=2056 (hard stop; cuts 8y from Asset Register:authorised_export_term_years),False,False
2044,near_term_methane_gwp20,lng_canada_phase_1,LNG Canada Terminal,operating,export,43.9705,40.49371666666667,3.4767833333333336,,,2025,32,Asset Register:authorised_export_end_year=2056 (hard stop; cuts 8y from Asset Register:authorised_export_term_years),False,False
2045,near_term_methane_gwp20,lng_canada_phase_1,LNG Canada Terminal,operating,export,43.9705,40.49371666666667,3.4767833333333336,,,2025,32,Asset Register:authorised_export_end_year=2056 (hard stop; cuts 8y from Asset Register:authorised_export_term_years),False,False
2046,near_term_methane_gwp20,lng_canada_phase_1,LNG Canada Terminal,operating,export,43.9705,40.49371666666667,3.4767833333333336,,,2025,32,Asset Register:authorised_export_end_year=2056 (hard stop; cuts 8y from Asset Register:authorised_export_term_years),False,False
2047,near_term_methane_gwp20,lng_canada_phase_1,LNG Canada Terminal,operating,export,43.9705,40.49371666666667,3.4767833333333336,,,2025,32,Asset Register:authorised_export_end_year=2056 (hard stop; cuts 8y from Asset Register:authorised_export_term_years),False,False
2048,near_term_methane_gwp20,lng_canada_phase_1,LNG Canada Terminal,operating,export,43.9705,40.49371666666667,3.4767833333333336,,,2025,32,Asset Register:authorised_export_end_year=2056 (hard stop; cuts 8y from Asset Register:authorised_export_term_years),False,False
2049,near_term_methane_gwp20,lng_canada_phase_1,LNG Canada Terminal,operating,export,43.9705,40.49371666666667,3.4767833333333336,,,2025,32,Asset Register:authorised_export_end_year=2056 (hard stop; cuts 8y from Asset Register:authorised_export_term_years),False,False
2050,near_term_methane_gwp20,lng_canada_phase_1,LNG Canada Terminal,operating,export,43.9705,40.49371666666667,3.4767833333333336,,,2025,32,Asset Register:authorised_export_end_year=2056 (hard stop; cuts 8y from Asset Register:authorised_export_term_years),False,False
2051,near_term_methane_gwp20,lng_canada_phase_1,LNG Canada Terminal,operating,export,43.9705,40.49371666666667,3.4767833333333336,,,2025,32,Asset Register:authorised_export_end_year=2056 (hard stop; cuts 8y from Asset Register:authorised_export_term_years),False,False
2052,near_term_methane_gwp20,lng_canada_phase_1,LNG Canada Terminal,operating,export,43.9705,40.49371666666667,3.4767833333333336,,,2025,32,Asset Register:authorised_export_end_year=2056 (hard stop; cuts 8y from Asset Register:authorised_export_term_years),False,False
2053,near_term_methane_gwp20,lng_canada_phase_1,LNG Canada Terminal,operating,export,43.9705,40.49371666666667,3.4767833333333336,,,2025,32,Asset Register:authorised_export_end_year=2056 (hard stop; cuts 8y from Asset Register:authorised_export_term_years),False,False
2054,near_term_methane_gwp20,lng_canada_phase_1,LNG Canada Terminal,operating,export,43.9705,40.49371666666667,3.4767833333333336,,,2025,32,Asset Register:authorised_export_end_year=2056 (hard stop; cuts 8y from Asset Register:authorised_export_term_years),False,False
2055,near_term_methane_gwp20,lng_canada_phase_1,LNG Canada Terminal,operating,export,43.9705,40.49371666666667,3.4767833333333336,,,2025,32,Asset Register:authorised_export_end_year=2056 (hard stop; cuts 8y from Asset Register:authorised_export_term_years),False,False
2056,near_term_methane_gwp20,lng_canada_phase_1,LNG Canada Terminal,operating,export,43.9705,40.49371666666667,3.4767833333333336,,,2025,32,Asset Register:authorised_export_end_year=2056 (hard stop; cuts 8y from Asset Register:authorised_export_term_years),False,False
2028,near_term_methane_gwp20,cedar_lng,Cedar FLNG Terminal,under_construction,export,5.5425,5.10425,0.43825000000000003,,,2028,39,Asset Register:authorised_export_end_year=2066 (hard stop; cuts 1y from Asset Register:authorised_export_term_years),False,False
2029,near_term_methane_gwp20,cedar_lng,Cedar FLNG Terminal,under_construction,export,9.699375,8.9324375,0.7669375,,,2028,39,Asset Register:authorised_export_end_year=2066 (hard stop; cuts 1y from Asset Register:authorised_export_term_years),False,False
2030,near_term_methane_gwp20,cedar_lng,Cedar FLNG Terminal,under_construction,export,11.625393750000002,10.706164375000002,0.9192293750000001,,,2028,39,Asset Register:authorised_export_end_year=2066 (hard stop; cuts 1y from Asset Register:authorised_export_term_years),False,False
2031,near_term_methane_gwp20,cedar_lng,Cedar FLNG Terminal,under_construction,export,11.625393750000002,10.706164375000002,0.9192293750000001,,,2028,39,Asset Register:authorised_export_end_year=2066 (hard stop; cuts 1y from Asset Register:authorised_export_term_years),False,False
2032,near_term_methane_gwp20,cedar_lng,Cedar FLNG Terminal,under_construction,export,11.625393750000002,10.706164375000002,0.9192293750000001,,,2028,39,Asset Register:authorised_export_end_year=2066 (hard stop; cuts 1y from Asset Register:authorised_export_term_years),False,False
2033,near_term_methane_gwp20,cedar_lng,Cedar FLNG Terminal,under_construction,export,11.625393750000002,10.706164375000002,0.9192293750000001,,,2028,39,Asset Register:authorised_export_end_year=2066 (hard stop; cuts 1y from Asset Register:authorised_export_term_years),False,False
2034,near_term_methane_gwp20,cedar_lng,Cedar FLNG Terminal,under_construction,export,11.625393750000002,10.706164375000002,0.9192293750000001,,,2028,39,Asset Register:authorised_export_end_year=2066 (hard stop; cuts 1y from Asset Register:authorised_export_term_years),False,False
2035,near_term_methane_gwp20,cedar_lng,Cedar FLNG Terminal,under_construction,export,11.625393750000002,10.706164375000002,0.9192293750000001,,,2028,39,Asset Register:authorised_export_end_year=2066 (hard stop; cuts 1y from Asset Register:authorised_export_term_years),False,False
2036,near_term_methane_gwp20,cedar_lng,Cedar FLNG Terminal,under_construction,export,11.625393750000002,10.706164375000002,0.9192293750000001,,,2028,39,Asset Register:authorised_export_end_year=2066 (hard stop; cuts 1y from Asset Register:authorised_export_term_years),False,False
2037,near_term_methane_gwp20,cedar_lng,Cedar FLNG Terminal,under_construction,export,11.625393750000002,10.706164375000002,0.9192293750000001,,,2028,39,Asset Register:authorised_export_end_year=2066 (hard stop; cuts 1y from Asset Register:authorised_export_term_years),False,False
2038,near_term_methane_gwp20,cedar_lng,Cedar FLNG Terminal,under_construction,export,11.625393750000002,10.706164375000002,0.9192293750000001,,,2028,39,Asset Register:authorised_export_end_year=2066 (hard stop; cuts 1y from Asset Register:authorised_export_term_years),False,False
2039,near_term_methane_gwp20,cedar_lng,Cedar FLNG Terminal,under_construction,export,11.625393750000002,10.706164375000002,0.9192293750000001,,,2028,39,Asset Register:authorised_export_end_year=2066 (hard stop; cuts 1y from Asset Register:authorised_export_term_years),False,False
2040,near_term_methane_gwp20,cedar_lng,Cedar FLNG Terminal,under_construction,export,11.625393750000002,10.706164375000002,0.9192293750000001,,,2028,39,Asset Register:authorised_export_end_year=2066 (hard stop; cuts 1y from Asset Register:authorised_export_term_years),False,False
2041,near_term_methane_gwp20,cedar_lng,Cedar FLNG Terminal,under_construction,export,11.625393750000002,10.706164375000002,0.9192293750000001,,,2028,39,Asset Register:authorised_export_end_year=2066 (hard stop; cuts 1y from Asset Register:authorised_export_term_years),False,False
2042,near_term_methane_gwp20,cedar_lng,Cedar FLNG Terminal,under_construction,export,11.625393750000002,10.706164375000002,0.9192293750000001,,,2028,39,Asset Register:authorised_export_end_year=2066 (hard stop; cuts 1y from Asset Register:authorised_export_term_years),False,False
2043,near_term_methane_gwp20,cedar_lng,Cedar FLNG Terminal,under_construction,export,11.625393750000002,10.706164375000002,0.9192293750000001,,,2028,39,Asset Register:authorised_export_end_year=2066 (hard stop; cuts 1y from Asset Register:authorised_export_term_years),False,False
2044,near_term_methane_gwp20,cedar_lng,Cedar FLNG Terminal,under_construction,export,11.625393750000002,10.706164375000002,0.9192293750000001,,,2028,39,Asset Register:authorised_export_end_year=2066 (hard stop; cuts 1y from Asset Register:authorised_export_term_years),False,False
2045,near_term_methane_gwp20,cedar_lng,Cedar FLNG Terminal,under_construction,export,11.625393750000002,10.706164375000002,0.9192293750000001,,,2028,39,Asset Register:authorised_export_end_year=2066 (hard stop; cuts 1y from Asset Register:authorised_export_term_years),False,False
2046,near_term_methane_gwp20,cedar_lng,Cedar FLNG Terminal,under_construction,export,11.625393750000002,10.706164375000002,0.9192293750000001,,,2028,39,Asset Register:authorised_export_end_year=2066 (hard stop; cuts 1y from Asset Register:authorised_export_term_years),False,False
2047,near_term_methane_gwp20,cedar_lng,Cedar FLNG Terminal,under_construction,export,11.625393750000002,10.706164375000002,0.9192293750000001,,,2028,39,Asset Register:authorised_export_end_year=2066 (hard stop; cuts 1y from Asset Register:authorised_export_term_years),False,False
2048,near_term_methane_gwp20,cedar_lng,Cedar FLNG Terminal,under_construction,export,11.625393750000002,10.706164375000002,0.9192293750000001,,,2028,39,Asset Register:authorised_export_end_year=2066 (hard stop; cuts 1y from Asset Register:authorised_export_term_years),False,False
2049,near_term_methane_gwp20,cedar_lng,Cedar FLNG Terminal,under_construction,export,11.625393750000002,10.706164375000002,0.9192293750000001,,,2028,39,Asset Register:authorised_export_end_year=2066 (hard stop; cuts 1y from Asset Register:authorised_export_term_years),False,False
2050,near_term_methane_gwp20,cedar_lng,Cedar FLNG Terminal,under_construction,export,11.625393750000002,10.706164375000002,0.9192293750000001,,,2028,39,Asset Register:authorised_export_end_year=2066 (hard stop; cuts 1y from Asset Register:authorised_export_term_years),False,False
2051,near_term_methane_gwp20,cedar_lng,Cedar FLNG Terminal,under_construction,export,11.625393750000002,10.706164375000002,0.9192293750000001,,,2028,39,Asset Register:authorised_export_end_year=2066 (hard stop; cuts 1y from Asset Register:authorised_export_term_years),False,False
2052,near_term_methane_gwp20,cedar_lng,Cedar FLNG Terminal,under_construction,export,11.625393750000002,10.706164375000002,0.9192293750000001,,,2028,39,Asset Register:authorised_export_end_year=2066 (hard stop; cuts 1y from Asset Register:authorised_export_term_years),False,False
2053,near_term_methane_gwp20,cedar_lng,Cedar FLNG Terminal,under_construction,export,11.625393750000002,10.706164375000002,0.9192293750000001,,,2028,39,Asset Register:authorised_export_end_year=2066 (hard stop; cuts 1y from Asset Register:authorised_export_term_years),False,False
2054,near_term_methane_gwp20,cedar_lng,Cedar FLNG Terminal,under_construction,export,11.625393750000002,10.706164375000002,0.9192293750000001,,,2028,39,Asset Register:authorised_export_end_year=2066 (hard stop; cuts 1y from Asset Register:authorised_export_term_years),False,False
2055,near_term_methane_gwp20,cedar_lng,Cedar FLNG Terminal,under_construction,export,11.625393750000002,10.706164375000002,0.9192293750000001,,,2028,39,Asset Register:authorised_export_end_year=2066 (hard stop; cuts 1y from Asset Register:authorised_export_term_years),False,False
2056,near_term_methane_gwp20,cedar_lng,Cedar FLNG Terminal,under_construction,export,11.625393750000002,10.706164375000002,0.9192293750000001,,,2028,39,Asset Register:authorised_export_end_year=2066 (hard stop; cuts 1y from Asset Register:authorised_export_term_years),False,False
2057,near_term_methane_gwp20,cedar_lng,Cedar FLNG Terminal,under_construction,export,11.625393750000002,10.706164375000002,0.9192293750000001,,,2028,39,Asset Register:authorised_export_end_year=2066 (hard stop; cuts 1y from Asset Register:authorised_export_term_years),False,False
2058,near_term_methane_gwp20,cedar_lng,Cedar FLNG Terminal,under_construction,export,11.625393750000002,10.706164375000002,0.9192293750000001,,,2028,39,Asset Register:authorised_export_end_year=2066 (hard stop; cuts 1y from Asset Register:authorised_export_term_years),False,False
2059,near_term_methane_gwp20,cedar_lng,Cedar FLNG Terminal,under_construction,export,11.625393750000002,10.706164375000002,0.9192293750000001,,,2028,39,Asset Register:authorised_export_end_year=2066 (hard stop; cuts 1y from Asset Register:authorised_export_term_years),False,False
2060,near_term_methane_gwp20,cedar_lng,Cedar FLNG Terminal,under_construction,export,11.625393750000002,10.706164375000002,0.9192293750000001,,,2028,39,Asset Register:authorised_export_end_year=2066 (hard stop; cuts 1y from Asset Register:authorised_export_term_years),False,False
2061,near_term_methane_gwp20,cedar_lng,Cedar FLNG Terminal,under_construction,export,11.625393750000002,10.706164375000002,0.9192293750000001,,,2028,39,Asset Register:authorised_export_end_year=2066 (hard stop; cuts 1y from Asset Register:authorised_export_term_years),False,False
2062,near_term_methane_gwp20,cedar_lng,Cedar FLNG Terminal,under_construction,export,11.625393750000002,10.706164375000002,0.9192293750000001,,,2028,39,Asset Register:authorised_export_end_year=2066 (hard stop; cuts 1y from Asset Register:authorised_export_term_years),False,False
2063,near_term_methane_gwp20,cedar_lng,Cedar FLNG Terminal,under_construction,export,11.625393750000002,10.706164375000002,0.9192293750000001,,,2028,39,Asset Register:authorised_export_end_year=2066 (hard stop; cuts 1y from Asset Register:authorised_export_term_years),False,False
2064,near_term_methane_gwp20,cedar_lng,Cedar FLNG Terminal,under_construction,export,11.625393750000002,10.706164375000002,0.9192293750000001,,,2028,39,Asset Register:authorised_export_end_year=2066 (hard stop; cuts 1y from Asset Register:authorised_export_term_years),False,False
2065,near_term_methane_gwp20,cedar_lng,Cedar FLNG Terminal,under_construction,export,11.625393750000002,10.706164375000002,0.9192293750000001,,,2028,39,Asset Register:authorised_export_end_year=2066 (hard stop; cuts 1y from Asset Register:authorised_export_term_years),False,False
2066,near_term_methane_gwp20,cedar_lng,Cedar FLNG Terminal,under_construction,export,11.625393750000002,10.706164375000002,0.9192293750000001,,,2028,39,Asset Register:authorised_export_end_year=2066 (hard stop; cuts 1y from Asset Register:authorised_export_term_years),False,False
2027,near_term_methane_gwp20,woodfibre_lng,Woodfibre LNG Terminal,under_construction,export,3.1038,2.85838,0.24542,,,2027,31,Asset Register:authorised_export_end_year=2057 (hard stop; cuts 9y from Asset Register:authorised_export_term_years),False,False
2028,near_term_methane_gwp20,woodfibre_lng,Woodfibre LNG Terminal,under_construction,export,5.43165,5.002165000000001,0.429485,,,2027,31,Asset Register:authorised_export_end_year=2057 (hard stop; cuts 9y from Asset Register:authorised_export_term_years),False,False
2029,near_term_methane_gwp20,woodfibre_lng,Woodfibre LNG Terminal,under_construction,export,6.510220500000001,5.995452050000001,0.51476845,,,2027,31,Asset Register:authorised_export_end_year=2057 (hard stop; cuts 9y from Asset Register:authorised_export_term_years),False,False
2030,near_term_methane_gwp20,woodfibre_lng,Woodfibre LNG Terminal,under_construction,export,6.510220500000001,5.995452050000001,0.51476845,,,2027,31,Asset Register:authorised_export_end_year=2057 (hard stop; cuts 9y from Asset Register:authorised_export_term_years),False,False
2031,near_term_methane_gwp20,woodfibre_lng,Woodfibre LNG Terminal,under_construction,export,6.510220500000001,5.995452050000001,0.51476845,,,2027,31,Asset Register:authorised_export_end_year=2057 (hard stop; cuts 9y from Asset Register:authorised_export_term_years),False,False
2032,near_term_methane_gwp20,woodfibre_lng,Woodfibre LNG Terminal,under_construction,export,6.510220500000001,5.995452050000001,0.51476845,,,2027,31,Asset Register:authorised_export_end_year=2057 (hard stop; cuts 9y from Asset Register:authorised_export_term_years),False,False
2033,near_term_methane_gwp20,woodfibre_lng,Woodfibre LNG Terminal,under_construction,export,6.510220500000001,5.995452050000001,0.51476845,,,2027,31,Asset Register:authorised_export_end_year=2057 (hard stop; cuts 9y from Asset Register:authorised_export_term_years),False,False
2034,near_term_methane_gwp20,woodfibre_lng,Woodfibre LNG Terminal,under_construction,export,6.510220500000001,5.995452050000001,0.51476845,,,2027,31,Asset Register:authorised_export_end_year=2057 (hard stop; cuts 9y from Asset Register:authorised_export_term_years),False,False
2035,near_term_methane_gwp20,woodfibre_lng,Woodfibre LNG Terminal,under_construction,export,6.510220500000001,5.995452050000001,0.51476845,,,2027,31,Asset Register:authorised_export_end_year=2057 (hard stop; cuts 9y from Asset Register:authorised_export_term_years),False,False
2036,near_term_methane_gwp20,woodfibre_lng,Woodfibre LNG Terminal,under_construction,export,6.510220500000001,5.995452050000001,0.51476845,,,2027,31,Asset Register:authorised_export_end_year=2057 (hard stop; cuts 9y from Asset Register:authorised_export_term_years),False,False
2037,near_term_methane_gwp20,woodfibre_lng,Woodfibre LNG Terminal,under_construction,export,6.510220500000001,5.995452050000001,0.51476845,,,2027,31,Asset Register:authorised_export_end_year=2057 (hard stop; cuts 9y from Asset Register:authorised_export_term_years),False,False
2038,near_term_methane_gwp20,woodfibre_lng,Woodfibre LNG Terminal,under_construction,export,6.510220500000001,5.995452050000001,0.51476845,,,2027,31,Asset Register:authorised_export_end_year=2057 (hard stop; cuts 9y from Asset Register:authorised_export_term_years),False,False
2039,near_term_methane_gwp20,woodfibre_lng,Woodfibre LNG Terminal,under_construction,export,6.510220500000001,5.995452050000001,0.51476845,,,2027,31,Asset Register:authorised_export_end_year=2057 (hard stop; cuts 9y from Asset Register:authorised_export_term_years),False,False
2040,near_term_methane_gwp20,woodfibre_lng,Woodfibre LNG Terminal,under_construction,export,6.510220500000001,5.995452050000001,0.51476845,,,2027,31,Asset Register:authorised_export_end_year=2057 (hard stop; cuts 9y from Asset Register:authorised_export_term_years),False,False
2041,near_term_methane_gwp20,woodfibre_lng,Woodfibre LNG Terminal,under_construction,export,6.510220500000001,5.995452050000001,0.51476845,,,2027,31,Asset Register:authorised_export_end_year=2057 (hard stop; cuts 9y from Asset Register:authorised_export_term_years),False,False
2042,near_term_methane_gwp20,woodfibre_lng,Woodfibre LNG Terminal,under_construction,export,6.510220500000001,5.995452050000001,0.51476845,,,2027,31,Asset Register:authorised_export_end_year=2057 (hard stop; cuts 9y from Asset Register:authorised_export_term_years),False,False
2043,near_term_methane_gwp20,woodfibre_lng,Woodfibre LNG Terminal,under_construction,export,6.510220500000001,5.995452050000001,0.51476845,,,2027,31,Asset Register:authorised_export_end_year=2057 (hard stop; cuts 9y from Asset Register:authorised_export_term_years),False,False
2044,near_term_methane_gwp20,woodfibre_lng,Woodfibre LNG Terminal,under_construction,export,6.510220500000001,5.995452050000001,0.51476845,,,2027,31,Asset Register:authorised_export_end_year=2057 (hard stop; cuts 9y from Asset Register:authorised_export_term_years),False,False
2045,near_term_methane_gwp20,woodfibre_lng,Woodfibre LNG Terminal,under_construction,export,6.510220500000001,5.995452050000001,0.51476845,,,2027,31,Asset Register:authorised_export_end_year=2057 (hard stop; cuts 9y from Asset Register:authorised_export_term_years),False,False
2046,near_term_methane_gwp20,woodfibre_lng,Woodfibre LNG Terminal,under_construction,export,6.510220500000001,5.995452050000001,0.51476845,,,2027,31,Asset Register:authorised_export_end_year=2057 (hard stop; cuts 9y from Asset Register:authorised_export_term_years),False,False
2047,near_term_methane_gwp20,woodfibre_lng,Woodfibre LNG Terminal,under_construction,export,6.510220500000001,5.995452050000001,0.51476845,,,2027,31,Asset Register:authorised_export_end_year=2057 (hard stop; cuts 9y from Asset Register:authorised_export_term_years),False,False
2048,near_term_methane_gwp20,woodfibre_lng,Woodfibre LNG Terminal,under_construction,export,6.510220500000001,5.995452050000001,0.51476845,,,2027,31,Asset Register:authorised_export_end_year=2057 (hard stop; cuts 9y from Asset Register:authorised_export_term_years),False,False
2049,near_term_methane_gwp20,woodfibre_lng,Woodfibre LNG Terminal,under_construction,export,6.510220500000001,5.995452050000001,0.51476845,,,2027,31,Asset Register:authorised_export_end_year=2057 (hard stop; cuts 9y from Asset Register:authorised_export_term_years),False,False
2050,near_term_methane_gwp20,woodfibre_lng,Woodfibre LNG Terminal,under_construction,export,6.510220500000001,5.995452050000001,0.51476845,,,2027,31,Asset Register:authorised_export_end_year=2057 (hard stop; cuts 9y from Asset Register:authorised_export_term_years),False,False
2051,near_term_methane_gwp20,woodfibre_lng,Woodfibre LNG Terminal,under_construction,export,6.510220500000001,5.995452050000001,0.51476845,,,2027,31,Asset Register:authorised_export_end_year=2057 (hard stop; cuts 9y from Asset Register:authorised_export_term_years),False,False
2052,near_term_methane_gwp20,woodfibre_lng,Woodfibre LNG Terminal,under_construction,export,6.510220500000001,5.995452050000001,0.51476845,,,2027,31,Asset Register:authorised_export_end_year=2057 (hard stop; cuts 9y from Asset Register:authorised_export_term_years),False,False
2053,near_term_methane_gwp20,woodfibre_lng,Woodfibre LNG Terminal,under_construction,export,6.510220500000001,5.995452050000001,0.51476845,,,2027,31,Asset Register:authorised_export_end_year=2057 (hard stop; cuts 9y from Asset Register:authorised_export_term_years),False,False
2054,near_term_methane_gwp20,woodfibre_lng,Woodfibre LNG Terminal,under_construction,export,6.510220500000001,5.995452050000001,0.51476845,,,2027,31,Asset Register:authorised_export_end_year=2057 (hard stop; cuts 9y from Asset Register:authorised_export_term_years),False,False
2055,near_term_methane_gwp20,woodfibre_lng,Woodfibre LNG Terminal,under_construction,export,6.510220500000001,5.995452050000001,0.51476845,,,2027,31,Asset Register:authorised_export_end_year=2057 (hard stop; cuts 9y from Asset Register:authorised_export_term_years),False,False
2056,near_term_methane_gwp20,woodfibre_lng,Woodfibre LNG Terminal,under_construction,export,6.510220500000001,5.995452050000001,0.51476845,,,2027,31,Asset Register:authorised_export_end_year=2057 (hard stop; cuts 9y from Asset Register:authorised_export_term_years),False,False
2057,near_term_methane_gwp20,woodfibre_lng,Woodfibre LNG Terminal,under_construction,export,6.510220500000001,5.995452050000001,0.51476845,,,2027,31,Asset Register:authorised_export_end_year=2057 (hard stop; cuts 9y from Asset Register:authorised_export_term_years),False,False
2031,near_term_methane_gwp20,lng_canada_phase_2,LNG Canada Terminal,under_construction,export,20.692,19.055866666666667,1.6361333333333334,,,2031,26,Asset Register:authorised_export_end_year=2056 (hard stop; cuts 14y from Asset Register:authorised_export_term_years),False,False
2032,near_term_methane_gwp20,lng_canada_phase_2,LNG Canada Terminal,under_construction,export,36.211000000000006,33.34776666666667,2.8632333333333335,,,2031,26,Asset Register:authorised_export_end_year=2056 (hard stop; cuts 14y from Asset Register:authorised_export_term_years),False,False
2033,near_term_methane_gwp20,lng_canada_phase_2,LNG Canada Terminal,under_construction,export,43.40147,39.969680333333336,3.431789666666667,,,2031,26,Asset Register:authorised_export_end_year=2056 (hard stop; cuts 14y from Asset Register:authorised_export_term_years),False,False
2034,near_term_methane_gwp20,lng_canada_phase_2,LNG Canada Terminal,under_construction,export,43.40147,39.969680333333336,3.431789666666667,,,2031,26,Asset Register:authorised_export_end_year=2056 (hard stop; cuts 14y from Asset Register:authorised_export_term_years),False,False
2035,near_term_methane_gwp20,lng_canada_phase_2,LNG Canada Terminal,under_construction,export,43.40147,39.969680333333336,3.431789666666667,,,2031,26,Asset Register:authorised_export_end_year=2056 (hard stop; cuts 14y from Asset Register:authorised_export_term_years),False,False
2036,near_term_methane_gwp20,lng_canada_phase_2,LNG Canada Terminal,under_construction,export,43.40147,39.969680333333336,3.431789666666667,,,2031,26,Asset Register:authorised_export_end_year=2056 (hard stop; cuts 14y from Asset Register:authorised_export_term_years),False,False
2037,near_term_methane_gwp20,lng_canada_phase_2,LNG Canada Terminal,under_construction,export,43.40147,39.969680333333336,3.431789666666667,,,2031,26,Asset Register:authorised_export_end_year=2056 (hard stop; cuts 14y from Asset Register:authorised_export_term_years),False,False
2038,near_term_methane_gwp20,lng_canada_phase_2,LNG Canada Terminal,under_construction,export,43.40147,39.969680333333336,3.431789666666667,,,2031,26,Asset Register:authorised_export_end_year=2056 (hard stop; cuts 14y from Asset Register:authorised_export_term_years),False,False
2039,near_term_methane_gwp20,lng_canada_phase_2,LNG Canada Terminal,under_construction,export,43.40147,39.969680333333336,3.431789666666667,,,2031,26,Asset Register:authorised_export_end_year=2056 (hard stop; cuts 14y from Asset Register:authorised_export_term_years),False,False
2040,near_term_methane_gwp20,lng_canada_phase_2,LNG Canada Terminal,under_construction,export,43.40147,39.969680333333336,3.431789666666667,,,2031,26,Asset Register:authorised_export_end_year=2056 (hard stop; cuts 14y from Asset Register:authorised_export_term_years),False,False
2041,near_term_methane_gwp20,lng_canada_phase_2,LNG Canada Terminal,under_construction,export,43.40147,39.969680333333336,3.431789666666667,,,2031,26,Asset Register:authorised_export_end_year=2056 (hard stop; cuts 14y from Asset Register:authorised_export_term_years),False,False
2042,near_term_methane_gwp20,lng_canada_phase_2,LNG Canada Terminal,under_construction,export,43.40147,39.969680333333336,3.431789666666667,,,2031,26,Asset Register:authorised_export_end_year=2056 (hard stop; cuts 14y from Asset Register:authorised_export_term_years),False,False
2043,near_term_methane_gwp20,lng_canada_phase_2,LNG Canada Terminal,under_construction,export,43.40147,39.969680333333336,3.431789666666667,,,2031,26,Asset Register:authorised_export_end_year=2056 (hard stop; cuts 14y from Asset Register:authorised_export_term_years),False,False
2044,near_term_methane_gwp20,lng_canada_phase_2,LNG Canada Terminal,under_construction,export,43.40147,39.969680333333336,3.431789666666667,,,2031,26,Asset Register:authorised_export_end_year=2056 (hard stop; cuts 14y from Asset Register:authorised_export_term_years),False,False
2045,near_term_methane_gwp20,lng_canada_phase_2,LNG Canada Terminal,under_construction,export,43.40147,39.969680333333336,3.431789666666667,,,2031,26,Asset Register:authorised_export_end_year=2056 (hard stop; cuts 14y from Asset Register:authorised_export_term_years),False,False
2046,near_term_methane_gwp20,lng_canada_phase_2,LNG Canada Terminal,under_construction,export,43.40147,39.969680333333336,3.431789666666667,,,2031,26,Asset Register:authorised_export_end_year=2056 (hard stop; cuts 14y from Asset Register:authorised_export_term_years),False,False
2047,near_term_methane_gwp20,lng_canada_phase_2,LNG Canada Terminal,under_construction,export,43.40147,39.969680333333336,3.431789666666667,,,2031,26,Asset Register:authorised_export_end_year=2056 (hard stop; cuts 14y from Asset Register:authorised_export_term_years),False,False
2048,near_term_methane_gwp20,lng_canada_phase_2,LNG Canada Terminal,under_construction,export,43.40147,39.969680333333336,3.431789666666667,,,2031,26,Asset Register:authorised_export_end_year=2056 (hard stop; cuts 14y from Asset Register:authorised_export_term_years),False,False
2049,near_term_methane_gwp20,lng_canada_phase_2,LNG Canada Terminal,under_construction,export,43.40147,39.969680333333336,3.431789666666667,,,2031,26,Asset Register:authorised_export_end_year=2056 (hard stop; cuts 14y from Asset Register:authorised_export_term_years),False,False
2050,near_term_methane_gwp20,lng_canada_phase_2,LNG Canada Terminal,under_construction,export,43.40147,39.969680333333336,3.431789666666667,,,2031,26,Asset Register:authorised_export_end_year=2056 (hard stop; cuts 14y from Asset Register:authorised_export_term_years),False,False
2051,near_term_methane_gwp20,lng_canada_phase_2,LNG Canada Terminal,under_construction,export,43.40147,39.969680333333336,3.431789666666667,,,2031,26,Asset Register:authorised_export_end_year=2056 (hard stop; cuts 14y from Asset Register:authorised_export_term_years),False,False
2052,near_term_methane_gwp20,lng_canada_phase_2,LNG Canada Terminal,under_construction,export,43.40147,39.969680333333336,3.431789666666667,,,2031,26,Asset Register:authorised_export_end_year=2056 (hard stop; cuts 14y from Asset Register:authorised_export_term_years),False,False
2053,near_term_methane_gwp20,lng_canada_phase_2,LNG Canada Terminal,under_construction,export,43.40147,39.969680333333336,3.431789666666667,,,2031,26,Asset Register:authorised_export_end_year=2056 (hard stop; cuts 14y from Asset Register:authorised_export_term_years),False,False
2054,near_term_methane_gwp20,lng_canada_phase_2,LNG Canada Terminal,under_construction,export,43.40147,39.969680333333336,3.431789666666667,,,2031,26,Asset Register:authorised_export_end_year=2056 (hard stop; cuts 14y from Asset Register:authorised_export_term_years),False,False
2055,near_term_methane_gwp20,lng_canada_phase_2,LNG Canada Terminal,under_construction,export,43.40147,39.969680333333336,3.431789666666667,,,2031,26,Asset Register:authorised_export_end_year=2056 (hard stop; cuts 14y from Asset Register:authorised_export_term_years),False,False
2056,near_term_methane_gwp20,lng_canada_phase_2,LNG Canada Terminal,under_construction,export,43.40147,39.969680333333336,3.431789666666667,,,2031,26,Asset Register:authorised_export_end_year=2056 (hard stop; cuts 14y from Asset Register:authorised_export_term_years),False,False
2032,near_term_methane_gwp20,ksi_lisims_lng,Ksi Lisims FLNG Terminal,proposed,export,17.736,16.3336,1.4024,,,2032,32,Asset Register:authorised_export_end_year=2063 (hard stop; cuts 8y from Asset Register:authorised_export_term_years),False,False
2033,near_term_methane_gwp20,ksi_lisims_lng,Ksi Lisims FLNG Terminal,proposed,export,31.038000000000004,28.583800000000004,2.4542,,,2032,32,Asset Register:authorised_export_end_year=2063 (hard stop; cuts 8y from Asset Register:authorised_export_term_years),False,False
2034,near_term_methane_gwp20,ksi_lisims_lng,Ksi Lisims FLNG Terminal,proposed,export,37.201260000000005,34.259726,2.941534,,,2032,32,Asset Register:authorised_export_end_year=2063 (hard stop; cuts 8y from Asset Register:authorised_export_term_years),False,False
2035,near_term_methane_gwp20,ksi_lisims_lng,Ksi Lisims FLNG Terminal,proposed,export,37.201260000000005,34.259726,2.941534,,,2032,32,Asset Register:authorised_export_end_year=2063 (hard stop; cuts 8y from Asset Register:authorised_export_term_years),False,False
2036,near_term_methane_gwp20,ksi_lisims_lng,Ksi Lisims FLNG Terminal,proposed,export,37.201260000000005,34.259726,2.941534,,,2032,32,Asset Register:authorised_export_end_year=2063 (hard stop; cuts 8y from Asset Register:authorised_export_term_years),False,False
2037,near_term_methane_gwp20,ksi_lisims_lng,Ksi Lisims FLNG Terminal,proposed,export,37.201260000000005,34.259726,2.941534,,,2032,32,Asset Register:authorised_export_end_year=2063 (hard stop; cuts 8y from Asset Register:authorised_export_term_years),False,False
2038,near_term_methane_gwp20,ksi_lisims_lng,Ksi Lisims FLNG Terminal,proposed,export,37.201260000000005,34.259726,2.941534,,,2032,32,Asset Register:authorised_export_end_year=2063 (hard stop; cuts 8y from Asset Register:authorised_export_term_years),False,False
2039,near_term_methane_gwp20,ksi_lisims_lng,Ksi Lisims FLNG Terminal,proposed,export,37.201260000000005,34.259726,2.941534,,,2032,32,Asset Register:authorised_export_end_year=2063 (hard stop; cuts 8y from Asset Register:authorised_export_term_years),False,False
2040,near_term_methane_gwp20,ksi_lisims_lng,Ksi Lisims FLNG Terminal,proposed,export,37.201260000000005,34.259726,2.941534,,,2032,32,Asset Register:authorised_export_end_year=2063 (hard stop; cuts 8y from Asset Register:authorised_export_term_years),False,False
2041,near_term_methane_gwp20,ksi_lisims_lng,Ksi Lisims FLNG Terminal,proposed,export,37.201260000000005,34.259726,2.941534,,,2032,32,Asset Register:authorised_export_end_year=2063 (hard stop; cuts 8y from Asset Register:authorised_export_term_years),False,False
2042,near_term_methane_gwp20,ksi_lisims_lng,Ksi Lisims FLNG Terminal,proposed,export,37.201260000000005,34.259726,2.941534,,,2032,32,Asset Register:authorised_export_end_year=2063 (hard stop; cuts 8y from Asset Register:authorised_export_term_years),False,False
2043,near_term_methane_gwp20,ksi_lisims_lng,Ksi Lisims FLNG Terminal,proposed,export,37.201260000000005,34.259726,2.941534,,,2032,32,Asset Register:authorised_export_end_year=2063 (hard stop; cuts 8y from Asset Register:authorised_export_term_years),False,False
2044,near_term_methane_gwp20,ksi_lisims_lng,Ksi Lisims FLNG Terminal,proposed,export,37.201260000000005,34.259726,2.941534,,,2032,32,Asset Register:authorised_export_end_year=2063 (hard stop; cuts 8y from Asset Register:authorised_export_term_years),False,False
2045,near_term_methane_gwp20,ksi_lisims_lng,Ksi Lisims FLNG Terminal,proposed,export,37.201260000000005,34.259726,2.941534,,,2032,32,Asset Register:authorised_export_end_year=2063 (hard stop; cuts 8y from Asset Register:authorised_export_term_years),False,False
2046,near_term_methane_gwp20,ksi_lisims_lng,Ksi Lisims FLNG Terminal,proposed,export,37.201260000000005,34.259726,2.941534,,,2032,32,Asset Register:authorised_export_end_year=2063 (hard stop; cuts 8y from Asset Register:authorised_export_term_years),False,False
2047,near_term_methane_gwp20,ksi_lisims_lng,Ksi Lisims FLNG Terminal,proposed,export,37.201260000000005,34.259726,2.941534,,,2032,32,Asset Register:authorised_export_end_year=2063 (hard stop; cuts 8y from Asset Register:authorised_export_term_years),False,False
2048,near_term_methane_gwp20,ksi_lisims_lng,Ksi Lisims FLNG Terminal,proposed,export,37.201260000000005,34.259726,2.941534,,,2032,32,Asset Register:authorised_export_end_year=2063 (hard stop; cuts 8y from Asset Register:authorised_export_term_years),False,False
2049,near_term_methane_gwp20,ksi_lisims_lng,Ksi Lisims FLNG Terminal,proposed,export,37.201260000000005,34.259726,2.941534,,,2032,32,Asset Register:authorised_export_end_year=2063 (hard stop; cuts 8y from Asset Register:authorised_export_term_years),False,False
2050,near_term_methane_gwp20,ksi_lisims_lng,Ksi Lisims FLNG Terminal,proposed,export,37.201260000000005,34.259726,2.941534,,,2032,32,Asset Register:authorised_export_end_year=2063 (hard stop; cuts 8y from Asset Register:authorised_export_term_years),False,False
2051,near_term_methane_gwp20,ksi_lisims_lng,Ksi Lisims FLNG Terminal,proposed,export,37.201260000000005,34.259726,2.941534,,,2032,32,Asset Register:authorised_export_end_year=2063 (hard stop; cuts 8y from Asset Register:authorised_export_term_years),False,False
2052,near_term_methane_gwp20,ksi_lisims_lng,Ksi Lisims FLNG Terminal,proposed,export,37.201260000000005,34.259726,2.941534,,,2032,32,Asset Register:authorised_export_end_year=2063 (hard stop; cuts 8y from Asset Register:authorised_export_term_years),False,False
2053,near_term_methane_gwp20,ksi_lisims_lng,Ksi Lisims FLNG Terminal,proposed,export,37.201260000000005,34.259726,2.941534,,,2032,32,Asset Register:authorised_export_end_year=2063 (hard stop; cuts 8y from Asset Register:authorised_export_term_years),False,False
2054,near_term_methane_gwp20,ksi_lisims_lng,Ksi Lisims FLNG Terminal,proposed,export,37.201260000000005,34.259726,2.941534,,,2032,32,Asset Register:authorised_export_end_year=2063 (hard stop; cuts 8y from Asset Register:authorised_export_term_years),False,False
2055,near_term_methane_gwp20,ksi_lisims_lng,Ksi Lisims FLNG Terminal,proposed,export,37.201260000000005,34.259726,2.941534,,,2032,32,Asset Register:authorised_export_end_year=2063 (hard stop; cuts 8y from Asset Register:authorised_export_term_years),False,False
2056,near_term_methane_gwp20,ksi_lisims_lng,Ksi Lisims FLNG Terminal,proposed,export,37.201260000000005,34.259726,2.941534,,,2032,32,Asset Register:authorised_export_end_year=2063 (hard stop; cuts 8y from Asset Register:authorised_export_term_years),False,False
2057,near_term_methane_gwp20,ksi_lisims_lng,Ksi Lisims FLNG Terminal,proposed,export,37.201260000000005,34.259726,2.941534,,,2032,32,Asset Register:authorised_export_end_year=2063 (hard stop; cuts 8y from Asset Register:authorised_export_term_years),False,False
2058,near_term_methane_gwp20,ksi_lisims_lng,Ksi Lisims FLNG Terminal,proposed,export,37.201260000000005,34.259726,2.941534,,,2032,32,Asset Register:authorised_export_end_year=2063 (hard stop; cuts 8y from Asset Register:authorised_export_term_years),False,False
2059,near_term_methane_gwp20,ksi_lisims_lng,Ksi Lisims FLNG Terminal,proposed,export,37.201260000000005,34.259726,2.941534,,,2032,32,Asset Register:authorised_export_end_year=2063 (hard stop; cuts 8y from Asset Register:authorised_export_term_years),False,False
2060,near_term_methane_gwp20,ksi_lisims_lng,Ksi Lisims FLNG Terminal,proposed,export,37.201260000000005,34.259726,2.941534,,,2032,32,Asset Register:authorised_export_end_year=2063 (hard stop; cuts 8y from Asset Register:authorised_export_term_years),False,False
2061,near_term_methane_gwp20,ksi_lisims_lng,Ksi Lisims FLNG Terminal,proposed,export,37.201260000000005,34.259726,2.941534,,,2032,32,Asset Register:authorised_export_end_year=2063 (hard stop; cuts 8y from Asset Register:authorised_export_term_years),False,False
2062,near_term_methane_gwp20,ksi_lisims_lng,Ksi Lisims FLNG Terminal,proposed,export,37.201260000000005,34.259726,2.941534,,,2032,32,Asset Register:authorised_export_end_year=2063 (hard stop; cuts 8y from Asset Register:authorised_export_term_years),False,False
2063,near_term_methane_gwp20,ksi_lisims_lng,Ksi Lisims FLNG Terminal,proposed,export,37.201260000000005,34.259726,2.941534,,,2032,32,Asset Register:authorised_export_end_year=2063 (hard stop; cuts 8y from Asset Register:authorised_export_term_years),False,False
2035,near_term_methane_gwp20,marinvest_baie_comeau,"Kino Aski LNG (formerly Marinvest Energy, Baie-Comeau)",proposed,export,22.014631578947366,20.309105263157896,1.7055263157894736,,,2030,40,Parameters:lifecycle_years_default,True,False
2036,near_term_methane_gwp20,marinvest_baie_comeau,"Kino Aski LNG (formerly Marinvest Energy, Baie-Comeau)",proposed,export,38.52560526315789,35.540934210526316,2.9846710526315787,,,2030,40,Parameters:lifecycle_years_default,True,False
2037,near_term_methane_gwp20,marinvest_baie_comeau,"Kino Aski LNG (formerly Marinvest Energy, Baie-Comeau)",proposed,export,46.17568973684211,42.598348289473684,3.577341447368421,,,2030,40,Parameters:lifecycle_years_default,True,False
2038,near_term_methane_gwp20,marinvest_baie_comeau,"Kino Aski LNG (formerly Marinvest Energy, Baie-Comeau)",proposed,export,46.17568973684211,42.598348289473684,3.577341447368421,,,2030,40,Parameters:lifecycle_years_default,True,False
2039,near_term_methane_gwp20,marinvest_baie_comeau,"Kino Aski LNG (formerly Marinvest Energy, Baie-Comeau)",proposed,export,46.17568973684211,42.598348289473684,3.577341447368421,,,2030,40,Parameters:lifecycle_years_default,True,False
2040,near_term_methane_gwp20,marinvest_baie_comeau,"Kino Aski LNG (formerly Marinvest Energy, Baie-Comeau)",proposed,export,46.17568973684211,42.598348289473684,3.577341447368421,,,2030,40,Parameters:lifecycle_years_default,True,False
2041,near_term_methane_gwp20,marinvest_baie_comeau,"Kino Aski LNG (formerly Marinvest Energy, Baie-Comeau)",proposed,export,46.17568973684211,42.598348289473684,3.577341447368421,,,2030,40,Parameters:lifecycle_years_default,True,False
2042,near_term_methane_gwp20,marinvest_baie_comeau,"Kino Aski LNG (formerly Marinvest Energy, Baie-Comeau)",proposed,export,46.17568973684211,42.598348289473684,3.577341447368421,,,2030,40,Parameters:lifecycle_years_default,True,False
2043,near_term_methane_gwp20,marinvest_baie_comeau,"Kino Aski LNG (formerly Marinvest Energy, Baie-Comeau)",proposed,export,46.17568973684211,42.598348289473684,3.577341447368421,,,2030,40,Parameters:lifecycle_years_default,True,False
2044,near_term_methane_gwp20,marinvest_baie_comeau,"Kino Aski LNG (formerly Marinvest Energy, Baie-Comeau)",proposed,export,46.17568973684211,42.598348289473684,3.577341447368421,,,2030,40,Parameters:lifecycle_years_default,True,False
2045,near_term_methane_gwp20,marinvest_baie_comeau,"Kino Aski LNG (formerly Marinvest Energy, Baie-Comeau)",proposed,export,46.17568973684211,42.598348289473684,3.577341447368421,,,2030,40,Parameters:lifecycle_years_default,True,False
2046,near_term_methane_gwp20,marinvest_baie_comeau,"Kino Aski LNG (formerly Marinvest Energy, Baie-Comeau)",proposed,export,46.17568973684211,42.598348289473684,3.577341447368421,,,2030,40,Parameters:lifecycle_years_default,True,False
2047,near_term_methane_gwp20,marinvest_baie_comeau,"Kino Aski LNG (formerly Marinvest Energy, Baie-Comeau)",proposed,export,46.17568973684211,42.598348289473684,3.577341447368421,,,2030,40,Parameters:lifecycle_years_default,True,False
2048,near_term_methane_gwp20,marinvest_baie_comeau,"Kino Aski LNG (formerly Marinvest Energy, Baie-Comeau)",proposed,export,46.17568973684211,42.598348289473684,3.577341447368421,,,2030,40,Parameters:lifecycle_years_default,True,False
2049,near_term_methane_gwp20,marinvest_baie_comeau,"Kino Aski LNG (formerly Marinvest Energy, Baie-Comeau)",proposed,export,46.17568973684211,42.598348289473684,3.577341447368421,,,2030,40,Parameters:lifecycle_years_default,True,False
2050,near_term_methane_gwp20,marinvest_baie_comeau,"Kino Aski LNG (formerly Marinvest Energy, Baie-Comeau)",proposed,export,46.17568973684211,42.598348289473684,3.577341447368421,,,2030,40,Parameters:lifecycle_years_default,True,False
2051,near_term_methane_gwp20,marinvest_baie_comeau,"Kino Aski LNG (formerly Marinvest Energy, Baie-Comeau)",proposed,export,46.17568973684211,42.598348289473684,3.577341447368421,,,2030,40,Parameters:lifecycle_years_default,True,False
2052,near_term_methane_gwp20,marinvest_baie_comeau,"Kino Aski LNG (formerly Marinvest Energy, Baie-Comeau)",proposed,export,46.17568973684211,42.598348289473684,3.577341447368421,,,2030,40,Parameters:lifecycle_years_default,True,False
2053,near_term_methane_gwp20,marinvest_baie_comeau,"Kino Aski LNG (formerly Marinvest Energy, Baie-Comeau)",proposed,export,46.17568973684211,42.598348289473684,3.577341447368421,,,2030,40,Parameters:lifecycle_years_default,True,False
2054,near_term_methane_gwp20,marinvest_baie_comeau,"Kino Aski LNG (formerly Marinvest Energy, Baie-Comeau)",proposed,export,46.17568973684211,42.598348289473684,3.577341447368421,,,2030,40,Parameters:lifecycle_years_default,True,False
2055,near_term_methane_gwp20,marinvest_baie_comeau,"Kino Aski LNG (formerly Marinvest Energy, Baie-Comeau)",proposed,export,46.17568973684211,42.598348289473684,3.577341447368421,,,2030,40,Parameters:lifecycle_years_default,True,False
2056,near_term_methane_gwp20,marinvest_baie_comeau,"Kino Aski LNG (formerly Marinvest Energy, Baie-Comeau)",proposed,export,46.17568973684211,42.598348289473684,3.577341447368421,,,2030,40,Parameters:lifecycle_years_default,True,False
2057,near_term_methane_gwp20,marinvest_baie_comeau,"Kino Aski LNG (formerly Marinvest Energy, Baie-Comeau)",proposed,export,46.17568973684211,42.598348289473684,3.577341447368421,,,2030,40,Parameters:lifecycle_years_default,True,False
2058,near_term_methane_gwp20,marinvest_baie_comeau,"Kino Aski LNG (formerly Marinvest Energy, Baie-Comeau)",proposed,export,46.17568973684211,42.598348289473684,3.577341447368421,,,2030,40,Parameters:lifecycle_years_default,True,False
2059,near_term_methane_gwp20,marinvest_baie_comeau,"Kino Aski LNG (formerly Marinvest Energy, Baie-Comeau)",proposed,export,46.17568973684211,42.598348289473684,3.577341447368421,,,2030,40,Parameters:lifecycle_years_default,True,False
2060,near_term_methane_gwp20,marinvest_baie_comeau,"Kino Aski LNG (formerly Marinvest Energy, Baie-Comeau)",proposed,export,46.17568973684211,42.598348289473684,3.577341447368421,,,2030,40,Parameters:lifecycle_years_default,True,False
2061,near_term_methane_gwp20,marinvest_baie_comeau,"Kino Aski LNG (formerly Marinvest Energy, Baie-Comeau)",proposed,export,46.17568973684211,42.598348289473684,3.577341447368421,,,2030,40,Parameters:lifecycle_years_default,True,False
2062,near_term_methane_gwp20,marinvest_baie_comeau,"Kino Aski LNG (formerly Marinvest Energy, Baie-Comeau)",proposed,export,46.17568973684211,42.598348289473684,3.577341447368421,,,2030,40,Parameters:lifecycle_years_default,True,False
2063,near_term_methane_gwp20,marinvest_baie_comeau,"Kino Aski LNG (formerly Marinvest Energy, Baie-Comeau)",proposed,export,46.17568973684211,42.598348289473684,3.577341447368421,,,2030,40,Parameters:lifecycle_years_default,True,False
2064,near_term_methane_gwp20,marinvest_baie_comeau,"Kino Aski LNG (formerly Marinvest Energy, Baie-Comeau)",proposed,export,46.17568973684211,42.598348289473684,3.577341447368421,,,2030,40,Parameters:lifecycle_years_default,True,False
2065,near_term_methane_gwp20,marinvest_baie_comeau,"Kino Aski LNG (formerly Marinvest Energy, Baie-Comeau)",proposed,export,46.17568973684211,42.598348289473684,3.577341447368421,,,2030,40,Parameters:lifecycle_years_default,True,False
2066,near_term_methane_gwp20,marinvest_baie_comeau,"Kino Aski LNG (formerly Marinvest Energy, Baie-Comeau)",proposed,export,46.17568973684211,42.598348289473684,3.577341447368421,,,2030,40,Parameters:lifecycle_years_default,True,False
2067,near_term_methane_gwp20,marinvest_baie_comeau,"Kino Aski LNG (formerly Marinvest Energy, Baie-Comeau)",proposed,export,46.17568973684211,42.598348289473684,3.577341447368421,,,2030,40,Parameters:lifecycle_years_default,True,False
2068,near_term_methane_gwp20,marinvest_baie_comeau,"Kino Aski LNG (formerly Marinvest Energy, Baie-Comeau)",proposed,export,46.17568973684211,42.598348289473684,3.577341447368421,,,2030,40,Parameters:lifecycle_years_default,True,False
2069,near_term_methane_gwp20,marinvest_baie_comeau,"Kino Aski LNG (formerly Marinvest Energy, Baie-Comeau)",proposed,export,46.17568973684211,42.598348289473684,3.577341447368421,,,2030,40,Parameters:lifecycle_years_default,True,False
2035,near_term_methane_gwp20,summit_lake_pg_lng,Summit Lake PG LNG,proposed,export,3.9906000000000006,3.6750600000000007,0.31554000000000004,,,2030,35,Asset Register:project_life_years + fid_delay_mid=5y (delay moves the life later; operating years kept),True,False
2036,near_term_methane_gwp20,summit_lake_pg_lng,Summit Lake PG LNG,proposed,export,6.983549999999999,6.431354999999999,0.552195,,,2030,35,Asset Register:project_life_years + fid_delay_mid=5y (delay moves the life later; operating years kept),True,False
2037,near_term_methane_gwp20,summit_lake_pg_lng,Summit Lake PG LNG,proposed,export,8.3702835,7.70843835,0.66184515,,,2030,35,Asset Register:project_life_years + fid_delay_mid=5y (delay moves the life later; operating years kept),True,False
2038,near_term_methane_gwp20,summit_lake_pg_lng,Summit Lake PG LNG,proposed,export,8.3702835,7.70843835,0.66184515,,,2030,35,Asset Register:project_life_years + fid_delay_mid=5y (delay moves the life later; operating years kept),True,False
2039,near_term_methane_gwp20,summit_lake_pg_lng,Summit Lake PG LNG,proposed,export,8.3702835,7.70843835,0.66184515,,,2030,35,Asset Register:project_life_years + fid_delay_mid=5y (delay moves the life later; operating years kept),True,False
2040,near_term_methane_gwp20,summit_lake_pg_lng,Summit Lake PG LNG,proposed,export,8.3702835,7.70843835,0.66184515,,,2030,35,Asset Register:project_life_years + fid_delay_mid=5y (delay moves the life later; operating years kept),True,False
2041,near_term_methane_gwp20,summit_lake_pg_lng,Summit Lake PG LNG,proposed,export,8.3702835,7.70843835,0.66184515,,,2030,35,Asset Register:project_life_years + fid_delay_mid=5y (delay moves the life later; operating years kept),True,False
2042,near_term_methane_gwp20,summit_lake_pg_lng,Summit Lake PG LNG,proposed,export,8.3702835,7.70843835,0.66184515,,,2030,35,Asset Register:project_life_years + fid_delay_mid=5y (delay moves the life later; operating years kept),True,False
2043,near_term_methane_gwp20,summit_lake_pg_lng,Summit Lake PG LNG,proposed,export,8.3702835,7.70843835,0.66184515,,,2030,35,Asset Register:project_life_years + fid_delay_mid=5y (delay moves the life later; operating years kept),True,False
2044,near_term_methane_gwp20,summit_lake_pg_lng,Summit Lake PG LNG,proposed,export,8.3702835,7.70843835,0.66184515,,,2030,35,Asset Register:project_life_years + fid_delay_mid=5y (delay moves the life later; operating years kept),True,False
2045,near_term_methane_gwp20,summit_lake_pg_lng,Summit Lake PG LNG,proposed,export,8.3702835,7.70843835,0.66184515,,,2030,35,Asset Register:project_life_years + fid_delay_mid=5y (delay moves the life later; operating years kept),True,False
2046,near_term_methane_gwp20,summit_lake_pg_lng,Summit Lake PG LNG,proposed,export,8.3702835,7.70843835,0.66184515,,,2030,35,Asset Register:project_life_years + fid_delay_mid=5y (delay moves the life later; operating years kept),True,False
2047,near_term_methane_gwp20,summit_lake_pg_lng,Summit Lake PG LNG,proposed,export,8.3702835,7.70843835,0.66184515,,,2030,35,Asset Register:project_life_years + fid_delay_mid=5y (delay moves the life later; operating years kept),True,False
2048,near_term_methane_gwp20,summit_lake_pg_lng,Summit Lake PG LNG,proposed,export,8.3702835,7.70843835,0.66184515,,,2030,35,Asset Register:project_life_years + fid_delay_mid=5y (delay moves the life later; operating years kept),True,False
2049,near_term_methane_gwp20,summit_lake_pg_lng,Summit Lake PG LNG,proposed,export,8.3702835,7.70843835,0.66184515,,,2030,35,Asset Register:project_life_years + fid_delay_mid=5y (delay moves the life later; operating years kept),True,False
2050,near_term_methane_gwp20,summit_lake_pg_lng,Summit Lake PG LNG,proposed,export,8.3702835,7.70843835,0.66184515,,,2030,35,Asset Register:project_life_years + fid_delay_mid=5y (delay moves the life later; operating years kept),True,False
2051,near_term_methane_gwp20,summit_lake_pg_lng,Summit Lake PG LNG,proposed,export,8.3702835,7.70843835,0.66184515,,,2030,35,Asset Register:project_life_years + fid_delay_mid=5y (delay moves the life later; operating years kept),True,False
2052,near_term_methane_gwp20,summit_lake_pg_lng,Summit Lake PG LNG,proposed,export,8.3702835,7.70843835,0.66184515,,,2030,35,Asset Register:project_life_years + fid_delay_mid=5y (delay moves the life later; operating years kept),True,False
2053,near_term_methane_gwp20,summit_lake_pg_lng,Summit Lake PG LNG,proposed,export,8.3702835,7.70843835,0.66184515,,,2030,35,Asset Register:project_life_years + fid_delay_mid=5y (delay moves the life later; operating years kept),True,False
2054,near_term_methane_gwp20,summit_lake_pg_lng,Summit Lake PG LNG,proposed,export,8.3702835,7.70843835,0.66184515,,,2030,35,Asset Register:project_life_years + fid_delay_mid=5y (delay moves the life later; operating years kept),True,False
2055,near_term_methane_gwp20,summit_lake_pg_lng,Summit Lake PG LNG,proposed,export,8.3702835,7.70843835,0.66184515,,,2030,35,Asset Register:project_life_years + fid_delay_mid=5y (delay moves the life later; operating years kept),True,False
2056,near_term_methane_gwp20,summit_lake_pg_lng,Summit Lake PG LNG,proposed,export,8.3702835,7.70843835,0.66184515,,,2030,35,Asset Register:project_life_years + fid_delay_mid=5y (delay moves the life later; operating years kept),True,False
2057,near_term_methane_gwp20,summit_lake_pg_lng,Summit Lake PG LNG,proposed,export,8.3702835,7.70843835,0.66184515,,,2030,35,Asset Register:project_life_years + fid_delay_mid=5y (delay moves the life later; operating years kept),True,False
2058,near_term_methane_gwp20,summit_lake_pg_lng,Summit Lake PG LNG,proposed,export,8.3702835,7.70843835,0.66184515,,,2030,35,Asset Register:project_life_years + fid_delay_mid=5y (delay moves the life later; operating years kept),True,False
2059,near_term_methane_gwp20,summit_lake_pg_lng,Summit Lake PG LNG,proposed,export,8.3702835,7.70843835,0.66184515,,,2030,35,Asset Register:project_life_years + fid_delay_mid=5y (delay moves the life later; operating years kept),True,False
2060,near_term_methane_gwp20,summit_lake_pg_lng,Summit Lake PG LNG,proposed,export,8.3702835,7.70843835,0.66184515,,,2030,35,Asset Register:project_life_years + fid_delay_mid=5y (delay moves the life later; operating years kept),True,False
2061,near_term_methane_gwp20,summit_lake_pg_lng,Summit Lake PG LNG,proposed,export,8.3702835,7.70843835,0.66184515,,,2030,35,Asset Register:project_life_years + fid_delay_mid=5y (delay moves the life later; operating years kept),True,False
2062,near_term_methane_gwp20,summit_lake_pg_lng,Summit Lake PG LNG,proposed,export,8.3702835,7.70843835,0.66184515,,,2030,35,Asset Register:project_life_years + fid_delay_mid=5y (delay moves the life later; operating years kept),True,False
2063,near_term_methane_gwp20,summit_lake_pg_lng,Summit Lake PG LNG,proposed,export,8.3702835,7.70843835,0.66184515,,,2030,35,Asset Register:project_life_years + fid_delay_mid=5y (delay moves the life later; operating years kept),True,False
2064,near_term_methane_gwp20,summit_lake_pg_lng,Summit Lake PG LNG,proposed,export,8.3702835,7.70843835,0.66184515,,,2030,35,Asset Register:project_life_years + fid_delay_mid=5y (delay moves the life later; operating years kept),True,False
2035,near_term_methane_gwp20,fermeuse_energy_flng,Fermeuse Energy FLNG Terminal,proposed,export,14.612,13.494666666666667,1.1173333333333333,,,2030,23,Asset Register:project_life_years + fid_delay_mid=5y (delay moves the life later; operating years kept),True,False
2036,near_term_methane_gwp20,fermeuse_energy_flng,Fermeuse Energy FLNG Terminal,proposed,export,25.571,23.61566666666667,1.9553333333333334,,,2030,23,Asset Register:project_life_years + fid_delay_mid=5y (delay moves the life later; operating years kept),True,False
2037,near_term_methane_gwp20,fermeuse_energy_flng,Fermeuse Energy FLNG Terminal,proposed,export,30.648670000000003,28.305063333333337,2.3436066666666666,,,2030,23,Asset Register:project_life_years + fid_delay_mid=5y (delay moves the life later; operating years kept),True,False
2038,near_term_methane_gwp20,fermeuse_energy_flng,Fermeuse Energy FLNG Terminal,proposed,export,30.648670000000003,28.305063333333337,2.3436066666666666,,,2030,23,Asset Register:project_life_years + fid_delay_mid=5y (delay moves the life later; operating years kept),True,False
2039,near_term_methane_gwp20,fermeuse_energy_flng,Fermeuse Energy FLNG Terminal,proposed,export,30.648670000000003,28.305063333333337,2.3436066666666666,,,2030,23,Asset Register:project_life_years + fid_delay_mid=5y (delay moves the life later; operating years kept),True,False
2040,near_term_methane_gwp20,fermeuse_energy_flng,Fermeuse Energy FLNG Terminal,proposed,export,30.648670000000003,28.305063333333337,2.3436066666666666,,,2030,23,Asset Register:project_life_years + fid_delay_mid=5y (delay moves the life later; operating years kept),True,False
2041,near_term_methane_gwp20,fermeuse_energy_flng,Fermeuse Energy FLNG Terminal,proposed,export,30.648670000000003,28.305063333333337,2.3436066666666666,,,2030,23,Asset Register:project_life_years + fid_delay_mid=5y (delay moves the life later; operating years kept),True,False
2042,near_term_methane_gwp20,fermeuse_energy_flng,Fermeuse Energy FLNG Terminal,proposed,export,30.648670000000003,28.305063333333337,2.3436066666666666,,,2030,23,Asset Register:project_life_years + fid_delay_mid=5y (delay moves the life later; operating years kept),True,False
2043,near_term_methane_gwp20,fermeuse_energy_flng,Fermeuse Energy FLNG Terminal,proposed,export,30.648670000000003,28.305063333333337,2.3436066666666666,,,2030,23,Asset Register:project_life_years + fid_delay_mid=5y (delay moves the life later; operating years kept),True,False
2044,near_term_methane_gwp20,fermeuse_energy_flng,Fermeuse Energy FLNG Terminal,proposed,export,30.648670000000003,28.305063333333337,2.3436066666666666,,,2030,23,Asset Register:project_life_years + fid_delay_mid=5y (delay moves the life later; operating years kept),True,False
2045,near_term_methane_gwp20,fermeuse_energy_flng,Fermeuse Energy FLNG Terminal,proposed,export,30.648670000000003,28.305063333333337,2.3436066666666666,,,2030,23,Asset Register:project_life_years + fid_delay_mid=5y (delay moves the life later; operating years kept),True,False
2046,near_term_methane_gwp20,fermeuse_energy_flng,Fermeuse Energy FLNG Terminal,proposed,export,30.648670000000003,28.305063333333337,2.3436066666666666,,,2030,23,Asset Register:project_life_years + fid_delay_mid=5y (delay moves the life later; operating years kept),True,False
2047,near_term_methane_gwp20,fermeuse_energy_flng,Fermeuse Energy FLNG Terminal,proposed,export,30.648670000000003,28.305063333333337,2.3436066666666666,,,2030,23,Asset Register:project_life_years + fid_delay_mid=5y (delay moves the life later; operating years kept),True,False
2048,near_term_methane_gwp20,fermeuse_energy_flng,Fermeuse Energy FLNG Terminal,proposed,export,30.648670000000003,28.305063333333337,2.3436066666666666,,,2030,23,Asset Register:project_life_years + fid_delay_mid=5y (delay moves the life later; operating years kept),True,False
2049,near_term_methane_gwp20,fermeuse_energy_flng,Fermeuse Energy FLNG Terminal,proposed,export,30.648670000000003,28.305063333333337,2.3436066666666666,,,2030,23,Asset Register:project_life_years + fid_delay_mid=5y (delay moves the life later; operating years kept),True,False
2050,near_term_methane_gwp20,fermeuse_energy_flng,Fermeuse Energy FLNG Terminal,proposed,export,30.648670000000003,28.305063333333337,2.3436066666666666,,,2030,23,Asset Register:project_life_years + fid_delay_mid=5y (delay moves the life later; operating years kept),True,False
2051,near_term_methane_gwp20,fermeuse_energy_flng,Fermeuse Energy FLNG Terminal,proposed,export,30.648670000000003,28.305063333333337,2.3436066666666666,,,2030,23,Asset Register:project_life_years + fid_delay_mid=5y (delay moves the life later; operating years kept),True,False
2052,near_term_methane_gwp20,fermeuse_energy_flng,Fermeuse Energy FLNG Terminal,proposed,export,30.648670000000003,28.305063333333337,2.3436066666666666,,,2030,23,Asset Register:project_life_years + fid_delay_mid=5y (delay moves the life later; operating years kept),True,False
2035,near_term_methane_gwp20,kanata_lng,Kanata LNG,proposed,export,17.736,16.3336,1.4024,,,2030,40,Parameters:lifecycle_years_default,True,False
2036,near_term_methane_gwp20,kanata_lng,Kanata LNG,proposed,export,31.038000000000004,28.583800000000004,2.4542,,,2030,40,Parameters:lifecycle_years_default,True,False
2037,near_term_methane_gwp20,kanata_lng,Kanata LNG,proposed,export,37.201260000000005,34.259726,2.941534,,,2030,40,Parameters:lifecycle_years_default,True,False
2038,near_term_methane_gwp20,kanata_lng,Kanata LNG,proposed,export,37.201260000000005,34.259726,2.941534,,,2030,40,Parameters:lifecycle_years_default,True,False
2039,near_term_methane_gwp20,kanata_lng,Kanata LNG,proposed,export,37.201260000000005,34.259726,2.941534,,,2030,40,Parameters:lifecycle_years_default,True,False
2040,near_term_methane_gwp20,kanata_lng,Kanata LNG,proposed,export,37.201260000000005,34.259726,2.941534,,,2030,40,Parameters:lifecycle_years_default,True,False
2041,near_term_methane_gwp20,kanata_lng,Kanata LNG,proposed,export,37.201260000000005,34.259726,2.941534,,,2030,40,Parameters:lifecycle_years_default,True,False
2042,near_term_methane_gwp20,kanata_lng,Kanata LNG,proposed,export,37.201260000000005,34.259726,2.941534,,,2030,40,Parameters:lifecycle_years_default,True,False
2043,near_term_methane_gwp20,kanata_lng,Kanata LNG,proposed,export,37.201260000000005,34.259726,2.941534,,,2030,40,Parameters:lifecycle_years_default,True,False
2044,near_term_methane_gwp20,kanata_lng,Kanata LNG,proposed,export,37.201260000000005,34.259726,2.941534,,,2030,40,Parameters:lifecycle_years_default,True,False
2045,near_term_methane_gwp20,kanata_lng,Kanata LNG,proposed,export,37.201260000000005,34.259726,2.941534,,,2030,40,Parameters:lifecycle_years_default,True,False
2046,near_term_methane_gwp20,kanata_lng,Kanata LNG,proposed,export,37.201260000000005,34.259726,2.941534,,,2030,40,Parameters:lifecycle_years_default,True,False
2047,near_term_methane_gwp20,kanata_lng,Kanata LNG,proposed,export,37.201260000000005,34.259726,2.941534,,,2030,40,Parameters:lifecycle_years_default,True,False
2048,near_term_methane_gwp20,kanata_lng,Kanata LNG,proposed,export,37.201260000000005,34.259726,2.941534,,,2030,40,Parameters:lifecycle_years_default,True,False
2049,near_term_methane_gwp20,kanata_lng,Kanata LNG,proposed,export,37.201260000000005,34.259726,2.941534,,,2030,40,Parameters:lifecycle_years_default,True,False
2050,near_term_methane_gwp20,kanata_lng,Kanata LNG,proposed,export,37.201260000000005,34.259726,2.941534,,,2030,40,Parameters:lifecycle_years_default,True,False
2051,near_term_methane_gwp20,kanata_lng,Kanata LNG,proposed,export,37.201260000000005,34.259726,2.941534,,,2030,40,Parameters:lifecycle_years_default,True,False
2052,near_term_methane_gwp20,kanata_lng,Kanata LNG,proposed,export,37.201260000000005,34.259726,2.941534,,,2030,40,Parameters:lifecycle_years_default,True,False
2053,near_term_methane_gwp20,kanata_lng,Kanata LNG,proposed,export,37.201260000000005,34.259726,2.941534,,,2030,40,Parameters:lifecycle_years_default,True,False
2054,near_term_methane_gwp20,kanata_lng,Kanata LNG,proposed,export,37.201260000000005,34.259726,2.941534,,,2030,40,Parameters:lifecycle_years_default,True,False
2055,near_term_methane_gwp20,kanata_lng,Kanata LNG,proposed,export,37.201260000000005,34.259726,2.941534,,,2030,40,Parameters:lifecycle_years_default,True,False
2056,near_term_methane_gwp20,kanata_lng,Kanata LNG,proposed,export,37.201260000000005,34.259726,2.941534,,,2030,40,Parameters:lifecycle_years_default,True,False
2057,near_term_methane_gwp20,kanata_lng,Kanata LNG,proposed,export,37.201260000000005,34.259726,2.941534,,,2030,40,Parameters:lifecycle_years_default,True,False
2058,near_term_methane_gwp20,kanata_lng,Kanata LNG,proposed,export,37.201260000000005,34.259726,2.941534,,,2030,40,Parameters:lifecycle_years_default,True,False
2059,near_term_methane_gwp20,kanata_lng,Kanata LNG,proposed,export,37.201260000000005,34.259726,2.941534,,,2030,40,Parameters:lifecycle_years_default,True,False
2060,near_term_methane_gwp20,kanata_lng,Kanata LNG,proposed,export,37.201260000000005,34.259726,2.941534,,,2030,40,Parameters:lifecycle_years_default,True,False
2061,near_term_methane_gwp20,kanata_lng,Kanata LNG,proposed,export,37.201260000000005,34.259726,2.941534,,,2030,40,Parameters:lifecycle_years_default,True,False
2062,near_term_methane_gwp20,kanata_lng,Kanata LNG,proposed,export,37.201260000000005,34.259726,2.941534,,,2030,40,Parameters:lifecycle_years_default,True,False
2063,near_term_methane_gwp20,kanata_lng,Kanata LNG,proposed,export,37.201260000000005,34.259726,2.941534,,,2030,40,Parameters:lifecycle_years_default,True,False
2064,near_term_methane_gwp20,kanata_lng,Kanata LNG,proposed,export,37.201260000000005,34.259726,2.941534,,,2030,40,Parameters:lifecycle_years_default,True,False
2065,near_term_methane_gwp20,kanata_lng,Kanata LNG,proposed,export,37.201260000000005,34.259726,2.941534,,,2030,40,Parameters:lifecycle_years_default,True,False
2066,near_term_methane_gwp20,kanata_lng,Kanata LNG,proposed,export,37.201260000000005,34.259726,2.941534,,,2030,40,Parameters:lifecycle_years_default,True,False
2067,near_term_methane_gwp20,kanata_lng,Kanata LNG,proposed,export,37.201260000000005,34.259726,2.941534,,,2030,40,Parameters:lifecycle_years_default,True,False
2068,near_term_methane_gwp20,kanata_lng,Kanata LNG,proposed,export,37.201260000000005,34.259726,2.941534,,,2030,40,Parameters:lifecycle_years_default,True,False
2069,near_term_methane_gwp20,kanata_lng,Kanata LNG,proposed,export,37.201260000000005,34.259726,2.941534,,,2030,40,Parameters:lifecycle_years_default,True,False
2025,howarth_high,lng_canada_phase_1,LNG Canada Terminal,operating,export,13.317499999999999,11.909916666666666,1.4075833333333336,47.23434004474274,29.8,2025,32,Asset Register:authorised_export_end_year=2056 (hard stop; cuts 8y from Asset Register:authorised_export_term_years),False,False
2026,howarth_high,lng_canada_phase_1,LNG Canada Terminal,operating,export,31.962,28.5838,3.3782000000000005,113.36241610738257,29.8,2025,32,Asset Register:authorised_export_end_year=2056 (hard stop; cuts 8y from Asset Register:authorised_export_term_years),False,False
2027,howarth_high,lng_canada_phase_1,LNG Canada Terminal,operating,export,45.2795,40.493716666666664,4.785783333333335,160.59675615212532,29.8,2025,32,Asset Register:authorised_export_end_year=2056 (hard stop; cuts 8y from Asset Register:authorised_export_term_years),False,False
2028,howarth_high,lng_canada_phase_1,LNG Canada Terminal,operating,export,45.2795,40.493716666666664,4.785783333333335,160.59675615212532,29.8,2025,32,Asset Register:authorised_export_end_year=2056 (hard stop; cuts 8y from Asset Register:authorised_export_term_years),False,False
2029,howarth_high,lng_canada_phase_1,LNG Canada Terminal,operating,export,45.2795,40.493716666666664,4.785783333333335,160.59675615212532,29.8,2025,32,Asset Register:authorised_export_end_year=2056 (hard stop; cuts 8y from Asset Register:authorised_export_term_years),False,False
2030,howarth_high,lng_canada_phase_1,LNG Canada Terminal,operating,export,45.2795,40.493716666666664,4.785783333333335,160.59675615212532,29.8,2025,32,Asset Register:authorised_export_end_year=2056 (hard stop; cuts 8y from Asset Register:authorised_export_term_years),False,False
2031,howarth_high,lng_canada_phase_1,LNG Canada Terminal,operating,export,45.2795,40.493716666666664,4.785783333333335,160.59675615212532,29.8,2025,32,Asset Register:authorised_export_end_year=2056 (hard stop; cuts 8y from Asset Register:authorised_export_term_years),False,False
2032,howarth_high,lng_canada_phase_1,LNG Canada Terminal,operating,export,45.2795,40.493716666666664,4.785783333333335,160.59675615212532,29.8,2025,32,Asset Register:authorised_export_end_year=2056 (hard stop; cuts 8y from Asset Register:authorised_export_term_years),False,False
2033,howarth_high,lng_canada_phase_1,LNG Canada Terminal,operating,export,45.2795,40.493716666666664,4.785783333333335,160.59675615212532,29.8,2025,32,Asset Register:authorised_export_end_year=2056 (hard stop; cuts 8y from Asset Register:authorised_export_term_years),False,False
2034,howarth_high,lng_canada_phase_1,LNG Canada Terminal,operating,export,45.2795,40.493716666666664,4.785783333333335,160.59675615212532,29.8,2025,32,Asset Register:authorised_export_end_year=2056 (hard stop; cuts 8y from Asset Register:authorised_export_term_years),False,False
2035,howarth_high,lng_canada_phase_1,LNG Canada Terminal,operating,export,45.2795,40.493716666666664,4.785783333333335,160.59675615212532,29.8,2025,32,Asset Register:authorised_export_end_year=2056 (hard stop; cuts 8y from Asset Register:authorised_export_term_years),False,False
2036,howarth_high,lng_canada_phase_1,LNG Canada Terminal,operating,export,45.2795,40.493716666666664,4.785783333333335,160.59675615212532,29.8,2025,32,Asset Register:authorised_export_end_year=2056 (hard stop; cuts 8y from Asset Register:authorised_export_term_years),False,False
2037,howarth_high,lng_canada_phase_1,LNG Canada Terminal,operating,export,45.2795,40.493716666666664,4.785783333333335,160.59675615212532,29.8,2025,32,Asset Register:authorised_export_end_year=2056 (hard stop; cuts 8y from Asset Register:authorised_export_term_years),False,False
2038,howarth_high,lng_canada_phase_1,LNG Canada Terminal,operating,export,45.2795,40.493716666666664,4.785783333333335,160.59675615212532,29.8,2025,32,Asset Register:authorised_export_end_year=2056 (hard stop; cuts 8y from Asset Register:authorised_export_term_years),False,False
2039,howarth_high,lng_canada_phase_1,LNG Canada Terminal,operating,export,45.2795,40.493716666666664,4.785783333333335,160.59675615212532,29.8,2025,32,Asset Register:authorised_export_end_year=2056 (hard stop; cuts 8y from Asset Register:authorised_export_term_years),False,False
2040,howarth_high,lng_canada_phase_1,LNG Canada Terminal,operating,export,45.2795,40.493716666666664,4.785783333333335,160.59675615212532,29.8,2025,32,Asset Register:authorised_export_end_year=2056 (hard stop; cuts 8y from Asset Register:authorised_export_term_years),False,False
2041,howarth_high,lng_canada_phase_1,LNG Canada Terminal,operating,export,45.2795,40.493716666666664,4.785783333333335,160.59675615212532,29.8,2025,32,Asset Register:authorised_export_end_year=2056 (hard stop; cuts 8y from Asset Register:authorised_export_term_years),False,False
2042,howarth_high,lng_canada_phase_1,LNG Canada Terminal,operating,export,45.2795,40.493716666666664,4.785783333333335,160.59675615212532,29.8,2025,32,Asset Register:authorised_export_end_year=2056 (hard stop; cuts 8y from Asset Register:authorised_export_term_years),False,False
2043,howarth_high,lng_canada_phase_1,LNG Canada Terminal,operating,export,45.2795,40.493716666666664,4.785783333333335,160.59675615212532,29.8,2025,32,Asset Register:authorised_export_end_year=2056 (hard stop; cuts 8y from Asset Register:authorised_export_term_years),False,False
2044,howarth_high,lng_canada_phase_1,LNG Canada Terminal,operating,export,45.2795,40.493716666666664,4.785783333333335,160.59675615212532,29.8,2025,32,Asset Register:authorised_export_end_year=2056 (hard stop; cuts 8y from Asset Register:authorised_export_term_years),False,False
2045,howarth_high,lng_canada_phase_1,LNG Canada Terminal,operating,export,45.2795,40.493716666666664,4.785783333333335,160.59675615212532,29.8,2025,32,Asset Register:authorised_export_end_year=2056 (hard stop; cuts 8y from Asset Register:authorised_export_term_years),False,False
2046,howarth_high,lng_canada_phase_1,LNG Canada Terminal,operating,export,45.2795,40.493716666666664,4.785783333333335,160.59675615212532,29.8,2025,32,Asset Register:authorised_export_end_year=2056 (hard stop; cuts 8y from Asset Register:authorised_export_term_years),False,False
2047,howarth_high,lng_canada_phase_1,LNG Canada Terminal,operating,export,45.2795,40.493716666666664,4.785783333333335,160.59675615212532,29.8,2025,32,Asset Register:authorised_export_end_year=2056 (hard stop; cuts 8y from Asset Register:authorised_export_term_years),False,False
2048,howarth_high,lng_canada_phase_1,LNG Canada Terminal,operating,export,45.2795,40.493716666666664,4.785783333333335,160.59675615212532,29.8,2025,32,Asset Register:authorised_export_end_year=2056 (hard stop; cuts 8y from Asset Register:authorised_export_term_years),False,False
2049,howarth_high,lng_canada_phase_1,LNG Canada Terminal,operating,export,45.2795,40.493716666666664,4.785783333333335,160.59675615212532,29.8,2025,32,Asset Register:authorised_export_end_year=2056 (hard stop; cuts 8y from Asset Register:authorised_export_term_years),False,False
2050,howarth_high,lng_canada_phase_1,LNG Canada Terminal,operating,export,45.2795,40.493716666666664,4.785783333333335,160.59675615212532,29.8,2025,32,Asset Register:authorised_export_end_year=2056 (hard stop; cuts 8y from Asset Register:authorised_export_term_years),False,False
2051,howarth_high,lng_canada_phase_1,LNG Canada Terminal,operating,export,45.2795,40.493716666666664,4.785783333333335,160.59675615212532,29.8,2025,32,Asset Register:authorised_export_end_year=2056 (hard stop; cuts 8y from Asset Register:authorised_export_term_years),False,False
2052,howarth_high,lng_canada_phase_1,LNG Canada Terminal,operating,export,45.2795,40.493716666666664,4.785783333333335,160.59675615212532,29.8,2025,32,Asset Register:authorised_export_end_year=2056 (hard stop; cuts 8y from Asset Register:authorised_export_term_years),False,False
2053,howarth_high,lng_canada_phase_1,LNG Canada Terminal,operating,export,45.2795,40.493716666666664,4.785783333333335,160.59675615212532,29.8,2025,32,Asset Register:authorised_export_end_year=2056 (hard stop; cuts 8y from Asset Register:authorised_export_term_years),False,False
2054,howarth_high,lng_canada_phase_1,LNG Canada Terminal,operating,export,45.2795,40.493716666666664,4.785783333333335,160.59675615212532,29.8,2025,32,Asset Register:authorised_export_end_year=2056 (hard stop; cuts 8y from Asset Register:authorised_export_term_years),False,False
2055,howarth_high,lng_canada_phase_1,LNG Canada Terminal,operating,export,45.2795,40.493716666666664,4.785783333333335,160.59675615212532,29.8,2025,32,Asset Register:authorised_export_end_year=2056 (hard stop; cuts 8y from Asset Register:authorised_export_term_years),False,False
2056,howarth_high,lng_canada_phase_1,LNG Canada Terminal,operating,export,45.2795,40.493716666666664,4.785783333333335,160.59675615212532,29.8,2025,32,Asset Register:authorised_export_end_year=2056 (hard stop; cuts 8y from Asset Register:authorised_export_term_years),False,False
2028,howarth_high,cedar_lng,Cedar FLNG Terminal,under_construction,export,5.7075,5.1042499999999995,0.6032500000000001,20.243288590604028,29.8,2028,39,Asset Register:authorised_export_end_year=2066 (hard stop; cuts 1y from Asset Register:authorised_export_term_years),False,False
2029,howarth_high,cedar_lng,Cedar FLNG Terminal,under_construction,export,9.988125,8.932437499999999,1.0556875000000001,35.42575503355705,29.8,2028,39,Asset Register:authorised_export_end_year=2066 (hard stop; cuts 1y from Asset Register:authorised_export_term_years),False,False
2030,howarth_high,cedar_lng,Cedar FLNG Terminal,under_construction,export,11.97148125,10.706164375,1.2653168750000003,42.46029781879196,29.8,2028,39,Asset Register:authorised_export_end_year=2066 (hard stop; cuts 1y from Asset Register:authorised_export_term_years),False,False
2031,howarth_high,cedar_lng,Cedar FLNG Terminal,under_construction,export,11.97148125,10.706164375,1.2653168750000003,42.46029781879196,29.8,2028,39,Asset Register:authorised_export_end_year=2066 (hard stop; cuts 1y from Asset Register:authorised_export_term_years),False,False
2032,howarth_high,cedar_lng,Cedar FLNG Terminal,under_construction,export,11.97148125,10.706164375,1.2653168750000003,42.46029781879196,29.8,2028,39,Asset Register:authorised_export_end_year=2066 (hard stop; cuts 1y from Asset Register:authorised_export_term_years),False,False
2033,howarth_high,cedar_lng,Cedar FLNG Terminal,under_construction,export,11.97148125,10.706164375,1.2653168750000003,42.46029781879196,29.8,2028,39,Asset Register:authorised_export_end_year=2066 (hard stop; cuts 1y from Asset Register:authorised_export_term_years),False,False
2034,howarth_high,cedar_lng,Cedar FLNG Terminal,under_construction,export,11.97148125,10.706164375,1.2653168750000003,42.46029781879196,29.8,2028,39,Asset Register:authorised_export_end_year=2066 (hard stop; cuts 1y from Asset Register:authorised_export_term_years),False,False
2035,howarth_high,cedar_lng,Cedar FLNG Terminal,under_construction,export,11.97148125,10.706164375,1.2653168750000003,42.46029781879196,29.8,2028,39,Asset Register:authorised_export_end_year=2066 (hard stop; cuts 1y from Asset Register:authorised_export_term_years),False,False
2036,howarth_high,cedar_lng,Cedar FLNG Terminal,under_construction,export,11.97148125,10.706164375,1.2653168750000003,42.46029781879196,29.8,2028,39,Asset Register:authorised_export_end_year=2066 (hard stop; cuts 1y from Asset Register:authorised_export_term_years),False,False
2037,howarth_high,cedar_lng,Cedar FLNG Terminal,under_construction,export,11.97148125,10.706164375,1.2653168750000003,42.46029781879196,29.8,2028,39,Asset Register:authorised_export_end_year=2066 (hard stop; cuts 1y from Asset Register:authorised_export_term_years),False,False
2038,howarth_high,cedar_lng,Cedar FLNG Terminal,under_construction,export,11.97148125,10.706164375,1.2653168750000003,42.46029781879196,29.8,2028,39,Asset Register:authorised_export_end_year=2066 (hard stop; cuts 1y from Asset Register:authorised_export_term_years),False,False
2039,howarth_high,cedar_lng,Cedar FLNG Terminal,under_construction,export,11.97148125,10.706164375,1.2653168750000003,42.46029781879196,29.8,2028,39,Asset Register:authorised_export_end_year=2066 (hard stop; cuts 1y from Asset Register:authorised_export_term_years),False,False
2040,howarth_high,cedar_lng,Cedar FLNG Terminal,under_construction,export,11.97148125,10.706164375,1.2653168750000003,42.46029781879196,29.8,2028,39,Asset Register:authorised_export_end_year=2066 (hard stop; cuts 1y from Asset Register:authorised_export_term_years),False,False
2041,howarth_high,cedar_lng,Cedar FLNG Terminal,under_construction,export,11.97148125,10.706164375,1.2653168750000003,42.46029781879196,29.8,2028,39,Asset Register:authorised_export_end_year=2066 (hard stop; cuts 1y from Asset Register:authorised_export_term_years),False,False
2042,howarth_high,cedar_lng,Cedar FLNG Terminal,under_construction,export,11.97148125,10.706164375,1.2653168750000003,42.46029781879196,29.8,2028,39,Asset Register:authorised_export_end_year=2066 (hard stop; cuts 1y from Asset Register:authorised_export_term_years),False,False
2043,howarth_high,cedar_lng,Cedar FLNG Terminal,under_construction,export,11.97148125,10.706164375,1.2653168750000003,42.46029781879196,29.8,2028,39,Asset Register:authorised_export_end_year=2066 (hard stop; cuts 1y from Asset Register:authorised_export_term_years),False,False
2044,howarth_high,cedar_lng,Cedar FLNG Terminal,under_construction,export,11.97148125,10.706164375,1.2653168750000003,42.46029781879196,29.8,2028,39,Asset Register:authorised_export_end_year=2066 (hard stop; cuts 1y from Asset Register:authorised_export_term_years),False,False
2045,howarth_high,cedar_lng,Cedar FLNG Terminal,under_construction,export,11.97148125,10.706164375,1.2653168750000003,42.46029781879196,29.8,2028,39,Asset Register:authorised_export_end_year=2066 (hard stop; cuts 1y from Asset Register:authorised_export_term_years),False,False
2046,howarth_high,cedar_lng,Cedar FLNG Terminal,under_construction,export,11.97148125,10.706164375,1.2653168750000003,42.46029781879196,29.8,2028,39,Asset Register:authorised_export_end_year=2066 (hard stop; cuts 1y from Asset Register:authorised_export_term_years),False,False
2047,howarth_high,cedar_lng,Cedar FLNG Terminal,under_construction,export,11.97148125,10.706164375,1.2653168750000003,42.46029781879196,29.8,2028,39,Asset Register:authorised_export_end_year=2066 (hard stop; cuts 1y from Asset Register:authorised_export_term_years),False,False
2048,howarth_high,cedar_lng,Cedar FLNG Terminal,under_construction,export,11.97148125,10.706164375,1.2653168750000003,42.46029781879196,29.8,2028,39,Asset Register:authorised_export_end_year=2066 (hard stop; cuts 1y from Asset Register:authorised_export_term_years),False,False
2049,howarth_high,cedar_lng,Cedar FLNG Terminal,under_construction,export,11.97148125,10.706164375,1.2653168750000003,42.46029781879196,29.8,2028,39,Asset Register:authorised_export_end_year=2066 (hard stop; cuts 1y from Asset Register:authorised_export_term_years),False,False
2050,howarth_high,cedar_lng,Cedar FLNG Terminal,under_construction,export,11.97148125,10.706164375,1.2653168750000003,42.46029781879196,29.8,2028,39,Asset Register:authorised_export_end_year=2066 (hard stop; cuts 1y from Asset Register:authorised_export_term_years),False,False
2051,howarth_high,cedar_lng,Cedar FLNG Terminal,under_construction,export,11.97148125,10.706164375,1.2653168750000003,42.46029781879196,29.8,2028,39,Asset Register:authorised_export_end_year=2066 (hard stop; cuts 1y from Asset Register:authorised_export_term_years),False,False
2052,howarth_high,cedar_lng,Cedar FLNG Terminal,under_construction,export,11.97148125,10.706164375,1.2653168750000003,42.46029781879196,29.8,2028,39,Asset Register:authorised_export_end_year=2066 (hard stop; cuts 1y from Asset Register:authorised_export_term_years),False,False
2053,howarth_high,cedar_lng,Cedar FLNG Terminal,under_construction,export,11.97148125,10.706164375,1.2653168750000003,42.46029781879196,29.8,2028,39,Asset Register:authorised_export_end_year=2066 (hard stop; cuts 1y from Asset Register:authorised_export_term_years),False,False
2054,howarth_high,cedar_lng,Cedar FLNG Terminal,under_construction,export,11.97148125,10.706164375,1.2653168750000003,42.46029781879196,29.8,2028,39,Asset Register:authorised_export_end_year=2066 (hard stop; cuts 1y from Asset Register:authorised_export_term_years),False,False
2055,howarth_high,cedar_lng,Cedar FLNG Terminal,under_construction,export,11.97148125,10.706164375,1.2653168750000003,42.46029781879196,29.8,2028,39,Asset Register:authorised_export_end_year=2066 (hard stop; cuts 1y from Asset Register:authorised_export_term_years),False,False
2056,howarth_high,cedar_lng,Cedar FLNG Terminal,under_construction,export,11.97148125,10.706164375,1.2653168750000003,42.46029781879196,29.8,2028,39,Asset Register:authorised_export_end_year=2066 (hard stop; cuts 1y from Asset Register:authorised_export_term_years),False,False
2057,howarth_high,cedar_lng,Cedar FLNG Terminal,under_construction,export,11.97148125,10.706164375,1.2653168750000003,42.46029781879196,29.8,2028,39,Asset Register:authorised_export_end_year=2066 (hard stop; cuts 1y from Asset Register:authorised_export_term_years),False,False
2058,howarth_high,cedar_lng,Cedar FLNG Terminal,under_construction,export,11.97148125,10.706164375,1.2653168750000003,42.46029781879196,29.8,2028,39,Asset Register:authorised_export_end_year=2066 (hard stop; cuts 1y from Asset Register:authorised_export_term_years),False,False
2059,howarth_high,cedar_lng,Cedar FLNG Terminal,under_construction,export,11.97148125,10.706164375,1.2653168750000003,42.46029781879196,29.8,2028,39,Asset Register:authorised_export_end_year=2066 (hard stop; cuts 1y from Asset Register:authorised_export_term_years),False,False
2060,howarth_high,cedar_lng,Cedar FLNG Terminal,under_construction,export,11.97148125,10.706164375,1.2653168750000003,42.46029781879196,29.8,2028,39,Asset Register:authorised_export_end_year=2066 (hard stop; cuts 1y from Asset Register:authorised_export_term_years),False,False
2061,howarth_high,cedar_lng,Cedar FLNG Terminal,under_construction,export,11.97148125,10.706164375,1.2653168750000003,42.46029781879196,29.8,2028,39,Asset Register:authorised_export_end_year=2066 (hard stop; cuts 1y from Asset Register:authorised_export_term_years),False,False
2062,howarth_high,cedar_lng,Cedar FLNG Terminal,under_construction,export,11.97148125,10.706164375,1.2653168750000003,42.46029781879196,29.8,2028,39,Asset Register:authorised_export_end_year=2066 (hard stop; cuts 1y from Asset Register:authorised_export_term_years),False,False
2063,howarth_high,cedar_lng,Cedar FLNG Terminal,under_construction,export,11.97148125,10.706164375,1.2653168750000003,42.46029781879196,29.8,2028,39,Asset Register:authorised_export_end_year=2066 (hard stop; cuts 1y from Asset Register:authorised_export_term_years),False,False
2064,howarth_high,cedar_lng,Cedar FLNG Terminal,under_construction,export,11.97148125,10.706164375,1.2653168750000003,42.46029781879196,29.8,2028,39,Asset Register:authorised_export_end_year=2066 (hard stop; cuts 1y from Asset Register:authorised_export_term_years),False,False
2065,howarth_high,cedar_lng,Cedar FLNG Terminal,under_construction,export,11.97148125,10.706164375,1.2653168750000003,42.46029781879196,29.8,2028,39,Asset Register:authorised_export_end_year=2066 (hard stop; cuts 1y from Asset Register:authorised_export_term_years),False,False
2066,howarth_high,cedar_lng,Cedar FLNG Terminal,under_construction,export,11.97148125,10.706164375,1.2653168750000003,42.46029781879196,29.8,2028,39,Asset Register:authorised_export_end_year=2066 (hard stop; cuts 1y from Asset Register:authorised_export_term_years),False,False
2027,howarth_high,woodfibre_lng,Woodfibre LNG Terminal,under_construction,export,3.1961999999999997,2.85838,0.33782000000000006,11.336241610738258,29.8,2027,31,Asset Register:authorised_export_end_year=2057 (hard stop; cuts 9y from Asset Register:authorised_export_term_years),False,False
2028,howarth_high,woodfibre_lng,Woodfibre LNG Terminal,under_construction,export,5.593349999999999,5.002165,0.5911850000000001,19.838422818791948,29.8,2027,31,Asset Register:authorised_export_end_year=2057 (hard stop; cuts 9y from Asset Register:authorised_export_term_years),False,False
2029,howarth_high,woodfibre_lng,Woodfibre LNG Terminal,under_construction,export,6.7040295,5.99545205,0.7085774500000002,23.777766778523496,29.8,2027,31,Asset Register:authorised_export_end_year=2057 (hard stop; cuts 9y from Asset Register:authorised_export_term_years),False,False
2030,howarth_high,woodfibre_lng,Woodfibre LNG Terminal,under_construction,export,6.7040295,5.99545205,0.7085774500000002,23.777766778523496,29.8,2027,31,Asset Register:authorised_export_end_year=2057 (hard stop; cuts 9y from Asset Register:authorised_export_term_years),False,False
2031,howarth_high,woodfibre_lng,Woodfibre LNG Terminal,under_construction,export,6.7040295,5.99545205,0.7085774500000002,23.777766778523496,29.8,2027,31,Asset Register:authorised_export_end_year=2057 (hard stop; cuts 9y from Asset Register:authorised_export_term_years),False,False
2032,howarth_high,woodfibre_lng,Woodfibre LNG Terminal,under_construction,export,6.7040295,5.99545205,0.7085774500000002,23.777766778523496,29.8,2027,31,Asset Register:authorised_export_end_year=2057 (hard stop; cuts 9y from Asset Register:authorised_export_term_years),False,False
2033,howarth_high,woodfibre_lng,Woodfibre LNG Terminal,under_construction,export,6.7040295,5.99545205,0.7085774500000002,23.777766778523496,29.8,2027,31,Asset Register:authorised_export_end_year=2057 (hard stop; cuts 9y from Asset Register:authorised_export_term_years),False,False
2034,howarth_high,woodfibre_lng,Woodfibre LNG Terminal,under_construction,export,6.7040295,5.99545205,0.7085774500000002,23.777766778523496,29.8,2027,31,Asset Register:authorised_export_end_year=2057 (hard stop; cuts 9y from Asset Register:authorised_export_term_years),False,False
2035,howarth_high,woodfibre_lng,Woodfibre LNG Terminal,under_construction,export,6.7040295,5.99545205,0.7085774500000002,23.777766778523496,29.8,2027,31,Asset Register:authorised_export_end_year=2057 (hard stop; cuts 9y from Asset Register:authorised_export_term_years),False,False
2036,howarth_high,woodfibre_lng,Woodfibre LNG Terminal,under_construction,export,6.7040295,5.99545205,0.7085774500000002,23.777766778523496,29.8,2027,31,Asset Register:authorised_export_end_year=2057 (hard stop; cuts 9y from Asset Register:authorised_export_term_years),False,False
2037,howarth_high,woodfibre_lng,Woodfibre LNG Terminal,under_construction,export,6.7040295,5.99545205,0.7085774500000002,23.777766778523496,29.8,2027,31,Asset Register:authorised_export_end_year=2057 (hard stop; cuts 9y from Asset Register:authorised_export_term_years),False,False
2038,howarth_high,woodfibre_lng,Woodfibre LNG Terminal,under_construction,export,6.7040295,5.99545205,0.7085774500000002,23.777766778523496,29.8,2027,31,Asset Register:authorised_export_end_year=2057 (hard stop; cuts 9y from Asset Register:authorised_export_term_years),False,False
2039,howarth_high,woodfibre_lng,Woodfibre LNG Terminal,under_construction,export,6.7040295,5.99545205,0.7085774500000002,23.777766778523496,29.8,2027,31,Asset Register:authorised_export_end_year=2057 (hard stop; cuts 9y from Asset Register:authorised_export_term_years),False,False
2040,howarth_high,woodfibre_lng,Woodfibre LNG Terminal,under_construction,export,6.7040295,5.99545205,0.7085774500000002,23.777766778523496,29.8,2027,31,Asset Register:authorised_export_end_year=2057 (hard stop; cuts 9y from Asset Register:authorised_export_term_years),False,False
2041,howarth_high,woodfibre_lng,Woodfibre LNG Terminal,under_construction,export,6.7040295,5.99545205,0.7085774500000002,23.777766778523496,29.8,2027,31,Asset Register:authorised_export_end_year=2057 (hard stop; cuts 9y from Asset Register:authorised_export_term_years),False,False
2042,howarth_high,woodfibre_lng,Woodfibre LNG Terminal,under_construction,export,6.7040295,5.99545205,0.7085774500000002,23.777766778523496,29.8,2027,31,Asset Register:authorised_export_end_year=2057 (hard stop; cuts 9y from Asset Register:authorised_export_term_years),False,False
2043,howarth_high,woodfibre_lng,Woodfibre LNG Terminal,under_construction,export,6.7040295,5.99545205,0.7085774500000002,23.777766778523496,29.8,2027,31,Asset Register:authorised_export_end_year=2057 (hard stop; cuts 9y from Asset Register:authorised_export_term_years),False,False
2044,howarth_high,woodfibre_lng,Woodfibre LNG Terminal,under_construction,export,6.7040295,5.99545205,0.7085774500000002,23.777766778523496,29.8,2027,31,Asset Register:authorised_export_end_year=2057 (hard stop; cuts 9y from Asset Register:authorised_export_term_years),False,False
2045,howarth_high,woodfibre_lng,Woodfibre LNG Terminal,under_construction,export,6.7040295,5.99545205,0.7085774500000002,23.777766778523496,29.8,2027,31,Asset Register:authorised_export_end_year=2057 (hard stop; cuts 9y from Asset Register:authorised_export_term_years),False,False
2046,howarth_high,woodfibre_lng,Woodfibre LNG Terminal,under_construction,export,6.7040295,5.99545205,0.7085774500000002,23.777766778523496,29.8,2027,31,Asset Register:authorised_export_end_year=2057 (hard stop; cuts 9y from Asset Register:authorised_export_term_years),False,False
2047,howarth_high,woodfibre_lng,Woodfibre LNG Terminal,under_construction,export,6.7040295,5.99545205,0.7085774500000002,23.777766778523496,29.8,2027,31,Asset Register:authorised_export_end_year=2057 (hard stop; cuts 9y from Asset Register:authorised_export_term_years),False,False
2048,howarth_high,woodfibre_lng,Woodfibre LNG Terminal,under_construction,export,6.7040295,5.99545205,0.7085774500000002,23.777766778523496,29.8,2027,31,Asset Register:authorised_export_end_year=2057 (hard stop; cuts 9y from Asset Register:authorised_export_term_years),False,False
2049,howarth_high,woodfibre_lng,Woodfibre LNG Terminal,under_construction,export,6.7040295,5.99545205,0.7085774500000002,23.777766778523496,29.8,2027,31,Asset Register:authorised_export_end_year=2057 (hard stop; cuts 9y from Asset Register:authorised_export_term_years),False,False
2050,howarth_high,woodfibre_lng,Woodfibre LNG Terminal,under_construction,export,6.7040295,5.99545205,0.7085774500000002,23.777766778523496,29.8,2027,31,Asset Register:authorised_export_end_year=2057 (hard stop; cuts 9y from Asset Register:authorised_export_term_years),False,False
2051,howarth_high,woodfibre_lng,Woodfibre LNG Terminal,under_construction,export,6.7040295,5.99545205,0.7085774500000002,23.777766778523496,29.8,2027,31,Asset Register:authorised_export_end_year=2057 (hard stop; cuts 9y from Asset Register:authorised_export_term_years),False,False
2052,howarth_high,woodfibre_lng,Woodfibre LNG Terminal,under_construction,export,6.7040295,5.99545205,0.7085774500000002,23.777766778523496,29.8,2027,31,Asset Register:authorised_export_end_year=2057 (hard stop; cuts 9y from Asset Register:authorised_export_term_years),False,False
2053,howarth_high,woodfibre_lng,Woodfibre LNG Terminal,under_construction,export,6.7040295,5.99545205,0.7085774500000002,23.777766778523496,29.8,2027,31,Asset Register:authorised_export_end_year=2057 (hard stop; cuts 9y from Asset Register:authorised_export_term_years),False,False
2054,howarth_high,woodfibre_lng,Woodfibre LNG Terminal,under_construction,export,6.7040295,5.99545205,0.7085774500000002,23.777766778523496,29.8,2027,31,Asset Register:authorised_export_end_year=2057 (hard stop; cuts 9y from Asset Register:authorised_export_term_years),False,False
2055,howarth_high,woodfibre_lng,Woodfibre LNG Terminal,under_construction,export,6.7040295,5.99545205,0.7085774500000002,23.777766778523496,29.8,2027,31,Asset Register:authorised_export_end_year=2057 (hard stop; cuts 9y from Asset Register:authorised_export_term_years),False,False
2056,howarth_high,woodfibre_lng,Woodfibre LNG Terminal,under_construction,export,6.7040295,5.99545205,0.7085774500000002,23.777766778523496,29.8,2027,31,Asset Register:authorised_export_end_year=2057 (hard stop; cuts 9y from Asset Register:authorised_export_term_years),False,False
2057,howarth_high,woodfibre_lng,Woodfibre LNG Terminal,under_construction,export,6.7040295,5.99545205,0.7085774500000002,23.777766778523496,29.8,2027,31,Asset Register:authorised_export_end_year=2057 (hard stop; cuts 9y from Asset Register:authorised_export_term_years),False,False
2031,howarth_high,lng_canada_phase_2,LNG Canada Terminal,under_construction,export,21.307999999999996,19.055866666666663,2.2521333333333335,75.57494407158836,29.8,2031,26,Asset Register:authorised_export_end_year=2056 (hard stop; cuts 14y from Asset Register:authorised_export_term_years),False,False
2032,howarth_high,lng_canada_phase_2,LNG Canada Terminal,under_construction,export,37.289,33.347766666666665,3.9412333333333343,132.25615212527967,29.8,2031,26,Asset Register:authorised_export_end_year=2056 (hard stop; cuts 14y from Asset Register:authorised_export_term_years),False,False
2033,howarth_high,lng_canada_phase_2,LNG Canada Terminal,under_construction,export,44.693529999999996,39.96968033333333,4.723849666666667,158.51844519015663,29.8,2031,26,Asset Register:authorised_export_end_year=2056 (hard stop; cuts 14y from Asset Register:authorised_export_term_years),False,False
2034,howarth_high,lng_canada_phase_2,LNG Canada Terminal,under_construction,export,44.693529999999996,39.96968033333333,4.723849666666667,158.51844519015663,29.8,2031,26,Asset Register:authorised_export_end_year=2056 (hard stop; cuts 14y from Asset Register:authorised_export_term_years),False,False
2035,howarth_high,lng_canada_phase_2,LNG Canada Terminal,under_construction,export,44.693529999999996,39.96968033333333,4.723849666666667,158.51844519015663,29.8,2031,26,Asset Register:authorised_export_end_year=2056 (hard stop; cuts 14y from Asset Register:authorised_export_term_years),False,False
2036,howarth_high,lng_canada_phase_2,LNG Canada Terminal,under_construction,export,44.693529999999996,39.96968033333333,4.723849666666667,158.51844519015663,29.8,2031,26,Asset Register:authorised_export_end_year=2056 (hard stop; cuts 14y from Asset Register:authorised_export_term_years),False,False
2037,howarth_high,lng_canada_phase_2,LNG Canada Terminal,under_construction,export,44.693529999999996,39.96968033333333,4.723849666666667,158.51844519015663,29.8,2031,26,Asset Register:authorised_export_end_year=2056 (hard stop; cuts 14y from Asset Register:authorised_export_term_years),False,False
2038,howarth_high,lng_canada_phase_2,LNG Canada Terminal,under_construction,export,44.693529999999996,39.96968033333333,4.723849666666667,158.51844519015663,29.8,2031,26,Asset Register:authorised_export_end_year=2056 (hard stop; cuts 14y from Asset Register:authorised_export_term_years),False,False
2039,howarth_high,lng_canada_phase_2,LNG Canada Terminal,under_construction,export,44.693529999999996,39.96968033333333,4.723849666666667,158.51844519015663,29.8,2031,26,Asset Register:authorised_export_end_year=2056 (hard stop; cuts 14y from Asset Register:authorised_export_term_years),False,False
2040,howarth_high,lng_canada_phase_2,LNG Canada Terminal,under_construction,export,44.693529999999996,39.96968033333333,4.723849666666667,158.51844519015663,29.8,2031,26,Asset Register:authorised_export_end_year=2056 (hard stop; cuts 14y from Asset Register:authorised_export_term_years),False,False
2041,howarth_high,lng_canada_phase_2,LNG Canada Terminal,under_construction,export,44.693529999999996,39.96968033333333,4.723849666666667,158.51844519015663,29.8,2031,26,Asset Register:authorised_export_end_year=2056 (hard stop; cuts 14y from Asset Register:authorised_export_term_years),False,False
2042,howarth_high,lng_canada_phase_2,LNG Canada Terminal,under_construction,export,44.693529999999996,39.96968033333333,4.723849666666667,158.51844519015663,29.8,2031,26,Asset Register:authorised_export_end_year=2056 (hard stop; cuts 14y from Asset Register:authorised_export_term_years),False,False
2043,howarth_high,lng_canada_phase_2,LNG Canada Terminal,under_construction,export,44.693529999999996,39.96968033333333,4.723849666666667,158.51844519015663,29.8,2031,26,Asset Register:authorised_export_end_year=2056 (hard stop; cuts 14y from Asset Register:authorised_export_term_years),False,False
2044,howarth_high,lng_canada_phase_2,LNG Canada Terminal,under_construction,export,44.693529999999996,39.96968033333333,4.723849666666667,158.51844519015663,29.8,2031,26,Asset Register:authorised_export_end_year=2056 (hard stop; cuts 14y from Asset Register:authorised_export_term_years),False,False
2045,howarth_high,lng_canada_phase_2,LNG Canada Terminal,under_construction,export,44.693529999999996,39.96968033333333,4.723849666666667,158.51844519015663,29.8,2031,26,Asset Register:authorised_export_end_year=2056 (hard stop; cuts 14y from Asset Register:authorised_export_term_years),False,False
2046,howarth_high,lng_canada_phase_2,LNG Canada Terminal,under_construction,export,44.693529999999996,39.96968033333333,4.723849666666667,158.51844519015663,29.8,2031,26,Asset Register:authorised_export_end_year=2056 (hard stop; cuts 14y from Asset Register:authorised_export_term_years),False,False
2047,howarth_high,lng_canada_phase_2,LNG Canada Terminal,under_construction,export,44.693529999999996,39.96968033333333,4.723849666666667,158.51844519015663,29.8,2031,26,Asset Register:authorised_export_end_year=2056 (hard stop; cuts 14y from Asset Register:authorised_export_term_years),False,False
2048,howarth_high,lng_canada_phase_2,LNG Canada Terminal,under_construction,export,44.693529999999996,39.96968033333333,4.723849666666667,158.51844519015663,29.8,2031,26,Asset Register:authorised_export_end_year=2056 (hard stop; cuts 14y from Asset Register:authorised_export_term_years),False,False
2049,howarth_high,lng_canada_phase_2,LNG Canada Terminal,under_construction,export,44.693529999999996,39.96968033333333,4.723849666666667,158.51844519015663,29.8,2031,26,Asset Register:authorised_export_end_year=2056 (hard stop; cuts 14y from Asset Register:authorised_export_term_years),False,False
2050,howarth_high,lng_canada_phase_2,LNG Canada Terminal,under_construction,export,44.693529999999996,39.96968033333333,4.723849666666667,158.51844519015663,29.8,2031,26,Asset Register:authorised_export_end_year=2056 (hard stop; cuts 14y from Asset Register:authorised_export_term_years),False,False
2051,howarth_high,lng_canada_phase_2,LNG Canada Terminal,under_construction,export,44.693529999999996,39.96968033333333,4.723849666666667,158.51844519015663,29.8,2031,26,Asset Register:authorised_export_end_year=2056 (hard stop; cuts 14y from Asset Register:authorised_export_term_years),False,False
2052,howarth_high,lng_canada_phase_2,LNG Canada Terminal,under_construction,export,44.693529999999996,39.96968033333333,4.723849666666667,158.51844519015663,29.8,2031,26,Asset Register:authorised_export_end_year=2056 (hard stop; cuts 14y from Asset Register:authorised_export_term_years),False,False
2053,howarth_high,lng_canada_phase_2,LNG Canada Terminal,under_construction,export,44.693529999999996,39.96968033333333,4.723849666666667,158.51844519015663,29.8,2031,26,Asset Register:authorised_export_end_year=2056 (hard stop; cuts 14y from Asset Register:authorised_export_term_years),False,False
2054,howarth_high,lng_canada_phase_2,LNG Canada Terminal,under_construction,export,44.693529999999996,39.96968033333333,4.723849666666667,158.51844519015663,29.8,2031,26,Asset Register:authorised_export_end_year=2056 (hard stop; cuts 14y from Asset Register:authorised_export_term_years),False,False
2055,howarth_high,lng_canada_phase_2,LNG Canada Terminal,under_construction,export,44.693529999999996,39.96968033333333,4.723849666666667,158.51844519015663,29.8,2031,26,Asset Register:authorised_export_end_year=2056 (hard stop; cuts 14y from Asset Register:authorised_export_term_years),False,False
2056,howarth_high,lng_canada_phase_2,LNG Canada Terminal,under_construction,export,44.693529999999996,39.96968033333333,4.723849666666667,158.51844519015663,29.8,2031,26,Asset Register:authorised_export_end_year=2056 (hard stop; cuts 14y from Asset Register:authorised_export_term_years),False,False
2032,howarth_high,ksi_lisims_lng,Ksi Lisims FLNG Terminal,proposed,export,18.264,16.333599999999997,1.9304000000000001,64.7785234899329,29.8,2032,32,Asset Register:authorised_export_end_year=2063 (hard stop; cuts 8y from Asset Register:authorised_export_term_years),False,False
2033,howarth_high,ksi_lisims_lng,Ksi Lisims FLNG Terminal,proposed,export,31.962,28.5838,3.3782000000000005,113.36241610738257,29.8,2032,32,Asset Register:authorised_export_end_year=2063 (hard stop; cuts 8y from Asset Register:authorised_export_term_years),False,False
2034,howarth_high,ksi_lisims_lng,Ksi Lisims FLNG Terminal,proposed,export,38.30873999999999,34.25972599999999,4.049014000000001,135.87295302013425,29.8,2032,32,Asset Register:authorised_export_end_year=2063 (hard stop; cuts 8y from Asset Register:authorised_export_term_years),False,False
2035,howarth_high,ksi_lisims_lng,Ksi Lisims FLNG Terminal,proposed,export,38.30873999999999,34.25972599999999,4.049014000000001,135.87295302013425,29.8,2032,32,Asset Register:authorised_export_end_year=2063 (hard stop; cuts 8y from Asset Register:authorised_export_term_years),False,False
2036,howarth_high,ksi_lisims_lng,Ksi Lisims FLNG Terminal,proposed,export,38.30873999999999,34.25972599999999,4.049014000000001,135.87295302013425,29.8,2032,32,Asset Register:authorised_export_end_year=2063 (hard stop; cuts 8y from Asset Register:authorised_export_term_years),False,False
2037,howarth_high,ksi_lisims_lng,Ksi Lisims FLNG Terminal,proposed,export,38.30873999999999,34.25972599999999,4.049014000000001,135.87295302013425,29.8,2032,32,Asset Register:authorised_export_end_year=2063 (hard stop; cuts 8y from Asset Register:authorised_export_term_years),False,False
2038,howarth_high,ksi_lisims_lng,Ksi Lisims FLNG Terminal,proposed,export,38.30873999999999,34.25972599999999,4.049014000000001,135.87295302013425,29.8,2032,32,Asset Register:authorised_export_end_year=2063 (hard stop; cuts 8y from Asset Register:authorised_export_term_years),False,False
2039,howarth_high,ksi_lisims_lng,Ksi Lisims FLNG Terminal,proposed,export,38.30873999999999,34.25972599999999,4.049014000000001,135.87295302013425,29.8,2032,32,Asset Register:authorised_export_end_year=2063 (hard stop; cuts 8y from Asset Register:authorised_export_term_years),False,False
2040,howarth_high,ksi_lisims_lng,Ksi Lisims FLNG Terminal,proposed,export,38.30873999999999,34.25972599999999,4.049014000000001,135.87295302013425,29.8,2032,32,Asset Register:authorised_export_end_year=2063 (hard stop; cuts 8y from Asset Register:authorised_export_term_years),False,False
2041,howarth_high,ksi_lisims_lng,Ksi Lisims FLNG Terminal,proposed,export,38.30873999999999,34.25972599999999,4.049014000000001,135.87295302013425,29.8,2032,32,Asset Register:authorised_export_end_year=2063 (hard stop; cuts 8y from Asset Register:authorised_export_term_years),False,False
2042,howarth_high,ksi_lisims_lng,Ksi Lisims FLNG Terminal,proposed,export,38.30873999999999,34.25972599999999,4.049014000000001,135.87295302013425,29.8,2032,32,Asset Register:authorised_export_end_year=2063 (hard stop; cuts 8y from Asset Register:authorised_export_term_years),False,False
2043,howarth_high,ksi_lisims_lng,Ksi Lisims FLNG Terminal,proposed,export,38.30873999999999,34.25972599999999,4.049014000000001,135.87295302013425,29.8,2032,32,Asset Register:authorised_export_end_year=2063 (hard stop; cuts 8y from Asset Register:authorised_export_term_years),False,False
2044,howarth_high,ksi_lisims_lng,Ksi Lisims FLNG Terminal,proposed,export,38.30873999999999,34.25972599999999,4.049014000000001,135.87295302013425,29.8,2032,32,Asset Register:authorised_export_end_year=2063 (hard stop; cuts 8y from Asset Register:authorised_export_term_years),False,False
2045,howarth_high,ksi_lisims_lng,Ksi Lisims FLNG Terminal,proposed,export,38.30873999999999,34.25972599999999,4.049014000000001,135.87295302013425,29.8,2032,32,Asset Register:authorised_export_end_year=2063 (hard stop; cuts 8y from Asset Register:authorised_export_term_years),False,False
2046,howarth_high,ksi_lisims_lng,Ksi Lisims FLNG Terminal,proposed,export,38.30873999999999,34.25972599999999,4.049014000000001,135.87295302013425,29.8,2032,32,Asset Register:authorised_export_end_year=2063 (hard stop; cuts 8y from Asset Register:authorised_export_term_years),False,False
2047,howarth_high,ksi_lisims_lng,Ksi Lisims FLNG Terminal,proposed,export,38.30873999999999,34.25972599999999,4.049014000000001,135.87295302013425,29.8,2032,32,Asset Register:authorised_export_end_year=2063 (hard stop; cuts 8y from Asset Register:authorised_export_term_years),False,False
2048,howarth_high,ksi_lisims_lng,Ksi Lisims FLNG Terminal,proposed,export,38.30873999999999,34.25972599999999,4.049014000000001,135.87295302013425,29.8,2032,32,Asset Register:authorised_export_end_year=2063 (hard stop; cuts 8y from Asset Register:authorised_export_term_years),False,False
2049,howarth_high,ksi_lisims_lng,Ksi Lisims FLNG Terminal,proposed,export,38.30873999999999,34.25972599999999,4.049014000000001,135.87295302013425,29.8,2032,32,Asset Register:authorised_export_end_year=2063 (hard stop; cuts 8y from Asset Register:authorised_export_term_years),False,False
2050,howarth_high,ksi_lisims_lng,Ksi Lisims FLNG Terminal,proposed,export,38.30873999999999,34.25972599999999,4.049014000000001,135.87295302013425,29.8,2032,32,Asset Register:authorised_export_end_year=2063 (hard stop; cuts 8y from Asset Register:authorised_export_term_years),False,False
2051,howarth_high,ksi_lisims_lng,Ksi Lisims FLNG Terminal,proposed,export,38.30873999999999,34.25972599999999,4.049014000000001,135.87295302013425,29.8,2032,32,Asset Register:authorised_export_end_year=2063 (hard stop; cuts 8y from Asset Register:authorised_export_term_years),False,False
2052,howarth_high,ksi_lisims_lng,Ksi Lisims FLNG Terminal,proposed,export,38.30873999999999,34.25972599999999,4.049014000000001,135.87295302013425,29.8,2032,32,Asset Register:authorised_export_end_year=2063 (hard stop; cuts 8y from Asset Register:authorised_export_term_years),False,False
2053,howarth_high,ksi_lisims_lng,Ksi Lisims FLNG Terminal,proposed,export,38.30873999999999,34.25972599999999,4.049014000000001,135.87295302013425,29.8,2032,32,Asset Register:authorised_export_end_year=2063 (hard stop; cuts 8y from Asset Register:authorised_export_term_years),False,False
2054,howarth_high,ksi_lisims_lng,Ksi Lisims FLNG Terminal,proposed,export,38.30873999999999,34.25972599999999,4.049014000000001,135.87295302013425,29.8,2032,32,Asset Register:authorised_export_end_year=2063 (hard stop; cuts 8y from Asset Register:authorised_export_term_years),False,False
2055,howarth_high,ksi_lisims_lng,Ksi Lisims FLNG Terminal,proposed,export,38.30873999999999,34.25972599999999,4.049014000000001,135.87295302013425,29.8,2032,32,Asset Register:authorised_export_end_year=2063 (hard stop; cuts 8y from Asset Register:authorised_export_term_years),False,False
2056,howarth_high,ksi_lisims_lng,Ksi Lisims FLNG Terminal,proposed,export,38.30873999999999,34.25972599999999,4.049014000000001,135.87295302013425,29.8,2032,32,Asset Register:authorised_export_end_year=2063 (hard stop; cuts 8y from Asset Register:authorised_export_term_years),False,False
2057,howarth_high,ksi_lisims_lng,Ksi Lisims FLNG Terminal,proposed,export,38.30873999999999,34.25972599999999,4.049014000000001,135.87295302013425,29.8,2032,32,Asset Register:authorised_export_end_year=2063 (hard stop; cuts 8y from Asset Register:authorised_export_term_years),False,False
2058,howarth_high,ksi_lisims_lng,Ksi Lisims FLNG Terminal,proposed,export,38.30873999999999,34.25972599999999,4.049014000000001,135.87295302013425,29.8,2032,32,Asset Register:authorised_export_end_year=2063 (hard stop; cuts 8y from Asset Register:authorised_export_term_years),False,False
2059,howarth_high,ksi_lisims_lng,Ksi Lisims FLNG Terminal,proposed,export,38.30873999999999,34.25972599999999,4.049014000000001,135.87295302013425,29.8,2032,32,Asset Register:authorised_export_end_year=2063 (hard stop; cuts 8y from Asset Register:authorised_export_term_years),False,False
2060,howarth_high,ksi_lisims_lng,Ksi Lisims FLNG Terminal,proposed,export,38.30873999999999,34.25972599999999,4.049014000000001,135.87295302013425,29.8,2032,32,Asset Register:authorised_export_end_year=2063 (hard stop; cuts 8y from Asset Register:authorised_export_term_years),False,False
2061,howarth_high,ksi_lisims_lng,Ksi Lisims FLNG Terminal,proposed,export,38.30873999999999,34.25972599999999,4.049014000000001,135.87295302013425,29.8,2032,32,Asset Register:authorised_export_end_year=2063 (hard stop; cuts 8y from Asset Register:authorised_export_term_years),False,False
2062,howarth_high,ksi_lisims_lng,Ksi Lisims FLNG Terminal,proposed,export,38.30873999999999,34.25972599999999,4.049014000000001,135.87295302013425,29.8,2032,32,Asset Register:authorised_export_end_year=2063 (hard stop; cuts 8y from Asset Register:authorised_export_term_years),False,False
2063,howarth_high,ksi_lisims_lng,Ksi Lisims FLNG Terminal,proposed,export,38.30873999999999,34.25972599999999,4.049014000000001,135.87295302013425,29.8,2032,32,Asset Register:authorised_export_end_year=2063 (hard stop; cuts 8y from Asset Register:authorised_export_term_years),False,False
2035,howarth_high,marinvest_baie_comeau,"Kino Aski LNG (formerly Marinvest Energy, Baie-Comeau)",proposed,export,22.674631578947366,20.309105263157896,2.365526315789474,79.38007771105617,29.8,2030,40,Parameters:lifecycle_years_default,True,False
2036,howarth_high,marinvest_baie_comeau,"Kino Aski LNG (formerly Marinvest Energy, Baie-Comeau)",proposed,export,39.680605263157894,35.540934210526316,4.13967105263158,138.91513599434833,29.8,2030,40,Parameters:lifecycle_years_default,True,False
2037,howarth_high,marinvest_baie_comeau,"Kino Aski LNG (formerly Marinvest Energy, Baie-Comeau)",proposed,export,47.56003973684211,42.598348289473684,4.961691447368422,166.49971299894034,29.8,2030,40,Parameters:lifecycle_years_default,True,False
2038,howarth_high,marinvest_baie_comeau,"Kino Aski LNG (formerly Marinvest Energy, Baie-Comeau)",proposed,export,47.56003973684211,42.598348289473684,4.961691447368422,166.49971299894034,29.8,2030,40,Parameters:lifecycle_years_default,True,False
2039,howarth_high,marinvest_baie_comeau,"Kino Aski LNG (formerly Marinvest Energy, Baie-Comeau)",proposed,export,47.56003973684211,42.598348289473684,4.961691447368422,166.49971299894034,29.8,2030,40,Parameters:lifecycle_years_default,True,False
2040,howarth_high,marinvest_baie_comeau,"Kino Aski LNG (formerly Marinvest Energy, Baie-Comeau)",proposed,export,47.56003973684211,42.598348289473684,4.961691447368422,166.49971299894034,29.8,2030,40,Parameters:lifecycle_years_default,True,False
2041,howarth_high,marinvest_baie_comeau,"Kino Aski LNG (formerly Marinvest Energy, Baie-Comeau)",proposed,export,47.56003973684211,42.598348289473684,4.961691447368422,166.49971299894034,29.8,2030,40,Parameters:lifecycle_years_default,True,False
2042,howarth_high,marinvest_baie_comeau,"Kino Aski LNG (formerly Marinvest Energy, Baie-Comeau)",proposed,export,47.56003973684211,42.598348289473684,4.961691447368422,166.49971299894034,29.8,2030,40,Parameters:lifecycle_years_default,True,False
2043,howarth_high,marinvest_baie_comeau,"Kino Aski LNG (formerly Marinvest Energy, Baie-Comeau)",proposed,export,47.56003973684211,42.598348289473684,4.961691447368422,166.49971299894034,29.8,2030,40,Parameters:lifecycle_years_default,True,False
2044,howarth_high,marinvest_baie_comeau,"Kino Aski LNG (formerly Marinvest Energy, Baie-Comeau)",proposed,export,47.56003973684211,42.598348289473684,4.961691447368422,166.49971299894034,29.8,2030,40,Parameters:lifecycle_years_default,True,False
2045,howarth_high,marinvest_baie_comeau,"Kino Aski LNG (formerly Marinvest Energy, Baie-Comeau)",proposed,export,47.56003973684211,42.598348289473684,4.961691447368422,166.49971299894034,29.8,2030,40,Parameters:lifecycle_years_default,True,False
2046,howarth_high,marinvest_baie_comeau,"Kino Aski LNG (formerly Marinvest Energy, Baie-Comeau)",proposed,export,47.56003973684211,42.598348289473684,4.961691447368422,166.49971299894034,29.8,2030,40,Parameters:lifecycle_years_default,True,False
2047,howarth_high,marinvest_baie_comeau,"Kino Aski LNG (formerly Marinvest Energy, Baie-Comeau)",proposed,export,47.56003973684211,42.598348289473684,4.961691447368422,166.49971299894034,29.8,2030,40,Parameters:lifecycle_years_default,True,False
2048,howarth_high,marinvest_baie_comeau,"Kino Aski LNG (formerly Marinvest Energy, Baie-Comeau)",proposed,export,47.56003973684211,42.598348289473684,4.961691447368422,166.49971299894034,29.8,2030,40,Parameters:lifecycle_years_default,True,False
2049,howarth_high,marinvest_baie_comeau,"Kino Aski LNG (formerly Marinvest Energy, Baie-Comeau)",proposed,export,47.56003973684211,42.598348289473684,4.961691447368422,166.49971299894034,29.8,2030,40,Parameters:lifecycle_years_default,True,False
2050,howarth_high,marinvest_baie_comeau,"Kino Aski LNG (formerly Marinvest Energy, Baie-Comeau)",proposed,export,47.56003973684211,42.598348289473684,4.961691447368422,166.49971299894034,29.8,2030,40,Parameters:lifecycle_years_default,True,False
2051,howarth_high,marinvest_baie_comeau,"Kino Aski LNG (formerly Marinvest Energy, Baie-Comeau)",proposed,export,47.56003973684211,42.598348289473684,4.961691447368422,166.49971299894034,29.8,2030,40,Parameters:lifecycle_years_default,True,False
2052,howarth_high,marinvest_baie_comeau,"Kino Aski LNG (formerly Marinvest Energy, Baie-Comeau)",proposed,export,47.56003973684211,42.598348289473684,4.961691447368422,166.49971299894034,29.8,2030,40,Parameters:lifecycle_years_default,True,False
2053,howarth_high,marinvest_baie_comeau,"Kino Aski LNG (formerly Marinvest Energy, Baie-Comeau)",proposed,export,47.56003973684211,42.598348289473684,4.961691447368422,166.49971299894034,29.8,2030,40,Parameters:lifecycle_years_default,True,False
2054,howarth_high,marinvest_baie_comeau,"Kino Aski LNG (formerly Marinvest Energy, Baie-Comeau)",proposed,export,47.56003973684211,42.598348289473684,4.961691447368422,166.49971299894034,29.8,2030,40,Parameters:lifecycle_years_default,True,False
2055,howarth_high,marinvest_baie_comeau,"Kino Aski LNG (formerly Marinvest Energy, Baie-Comeau)",proposed,export,47.56003973684211,42.598348289473684,4.961691447368422,166.49971299894034,29.8,2030,40,Parameters:lifecycle_years_default,True,False
2056,howarth_high,marinvest_baie_comeau,"Kino Aski LNG (formerly Marinvest Energy, Baie-Comeau)",proposed,export,47.56003973684211,42.598348289473684,4.961691447368422,166.49971299894034,29.8,2030,40,Parameters:lifecycle_years_default,True,False
2057,howarth_high,marinvest_baie_comeau,"Kino Aski LNG (formerly Marinvest Energy, Baie-Comeau)",proposed,export,47.56003973684211,42.598348289473684,4.961691447368422,166.49971299894034,29.8,2030,40,Parameters:lifecycle_years_default,True,False
2058,howarth_high,marinvest_baie_comeau,"Kino Aski LNG (formerly Marinvest Energy, Baie-Comeau)",proposed,export,47.56003973684211,42.598348289473684,4.961691447368422,166.49971299894034,29.8,2030,40,Parameters:lifecycle_years_default,True,False
2059,howarth_high,marinvest_baie_comeau,"Kino Aski LNG (formerly Marinvest Energy, Baie-Comeau)",proposed,export,47.56003973684211,42.598348289473684,4.961691447368422,166.49971299894034,29.8,2030,40,Parameters:lifecycle_years_default,True,False
2060,howarth_high,marinvest_baie_comeau,"Kino Aski LNG (formerly Marinvest Energy, Baie-Comeau)",proposed,export,47.56003973684211,42.598348289473684,4.961691447368422,166.49971299894034,29.8,2030,40,Parameters:lifecycle_years_default,True,False
2061,howarth_high,marinvest_baie_comeau,"Kino Aski LNG (formerly Marinvest Energy, Baie-Comeau)",proposed,export,47.56003973684211,42.598348289473684,4.961691447368422,166.49971299894034,29.8,2030,40,Parameters:lifecycle_years_default,True,False
2062,howarth_high,marinvest_baie_comeau,"Kino Aski LNG (formerly Marinvest Energy, Baie-Comeau)",proposed,export,47.56003973684211,42.598348289473684,4.961691447368422,166.49971299894034,29.8,2030,40,Parameters:lifecycle_years_default,True,False
2063,howarth_high,marinvest_baie_comeau,"Kino Aski LNG (formerly Marinvest Energy, Baie-Comeau)",proposed,export,47.56003973684211,42.598348289473684,4.961691447368422,166.49971299894034,29.8,2030,40,Parameters:lifecycle_years_default,True,False
2064,howarth_high,marinvest_baie_comeau,"Kino Aski LNG (formerly Marinvest Energy, Baie-Comeau)",proposed,export,47.56003973684211,42.598348289473684,4.961691447368422,166.49971299894034,29.8,2030,40,Parameters:lifecycle_years_default,True,False
2065,howarth_high,marinvest_baie_comeau,"Kino Aski LNG (formerly Marinvest Energy, Baie-Comeau)",proposed,export,47.56003973684211,42.598348289473684,4.961691447368422,166.49971299894034,29.8,2030,40,Parameters:lifecycle_years_default,True,False
2066,howarth_high,marinvest_baie_comeau,"Kino Aski LNG (formerly Marinvest Energy, Baie-Comeau)",proposed,export,47.56003973684211,42.598348289473684,4.961691447368422,166.49971299894034,29.8,2030,40,Parameters:lifecycle_years_default,True,False
2067,howarth_high,marinvest_baie_comeau,"Kino Aski LNG (formerly Marinvest Energy, Baie-Comeau)",proposed,export,47.56003973684211,42.598348289473684,4.961691447368422,166.49971299894034,29.8,2030,40,Parameters:lifecycle_years_default,True,False
2068,howarth_high,marinvest_baie_comeau,"Kino Aski LNG (formerly Marinvest Energy, Baie-Comeau)",proposed,export,47.56003973684211,42.598348289473684,4.961691447368422,166.49971299894034,29.8,2030,40,Parameters:lifecycle_years_default,True,False
2069,howarth_high,marinvest_baie_comeau,"Kino Aski LNG (formerly Marinvest Energy, Baie-Comeau)",proposed,export,47.56003973684211,42.598348289473684,4.961691447368422,166.49971299894034,29.8,2030,40,Parameters:lifecycle_years_default,True,False
2035,howarth_high,summit_lake_pg_lng,Summit Lake PG LNG,proposed,export,4.1094,3.67506,0.4343400000000001,14.575167785234903,29.8,2030,35,Asset Register:project_life_years + fid_delay_mid=5y (delay moves the life later; operating years kept),True,False
2036,howarth_high,summit_lake_pg_lng,Summit Lake PG LNG,proposed,export,7.191449999999998,6.431354999999998,0.760095,25.506543624161072,29.8,2030,35,Asset Register:project_life_years + fid_delay_mid=5y (delay moves the life later; operating years kept),True,False
2037,howarth_high,summit_lake_pg_lng,Summit Lake PG LNG,proposed,export,8.6194665,7.708438349999999,0.91102815,30.5714144295302,29.8,2030,35,Asset Register:project_life_years + fid_delay_mid=5y (delay moves the life later; operating years kept),True,False
2038,howarth_high,summit_lake_pg_lng,Summit Lake PG LNG,proposed,export,8.6194665,7.708438349999999,0.91102815,30.5714144295302,29.8,2030,35,Asset Register:project_life_years + fid_delay_mid=5y (delay moves the life later; operating years kept),True,False
2039,howarth_high,summit_lake_pg_lng,Summit Lake PG LNG,proposed,export,8.6194665,7.708438349999999,0.91102815,30.5714144295302,29.8,2030,35,Asset Register:project_life_years + fid_delay_mid=5y (delay moves the life later; operating years kept),True,False
2040,howarth_high,summit_lake_pg_lng,Summit Lake PG LNG,proposed,export,8.6194665,7.708438349999999,0.91102815,30.5714144295302,29.8,2030,35,Asset Register:project_life_years + fid_delay_mid=5y (delay moves the life later; operating years kept),True,False
2041,howarth_high,summit_lake_pg_lng,Summit Lake PG LNG,proposed,export,8.6194665,7.708438349999999,0.91102815,30.5714144295302,29.8,2030,35,Asset Register:project_life_years + fid_delay_mid=5y (delay moves the life later; operating years kept),True,False
2042,howarth_high,summit_lake_pg_lng,Summit Lake PG LNG,proposed,export,8.6194665,7.708438349999999,0.91102815,30.5714144295302,29.8,2030,35,Asset Register:project_life_years + fid_delay_mid=5y (delay moves the life later; operating years kept),True,False
2043,howarth_high,summit_lake_pg_lng,Summit Lake PG LNG,proposed,export,8.6194665,7.708438349999999,0.91102815,30.5714144295302,29.8,2030,35,Asset Register:project_life_years + fid_delay_mid=5y (delay moves the life later; operating years kept),True,False
2044,howarth_high,summit_lake_pg_lng,Summit Lake PG LNG,proposed,export,8.6194665,7.708438349999999,0.91102815,30.5714144295302,29.8,2030,35,Asset Register:project_life_years + fid_delay_mid=5y (delay moves the life later; operating years kept),True,False
2045,howarth_high,summit_lake_pg_lng,Summit Lake PG LNG,proposed,export,8.6194665,7.708438349999999,0.91102815,30.5714144295302,29.8,2030,35,Asset Register:project_life_years + fid_delay_mid=5y (delay moves the life later; operating years kept),True,False
2046,howarth_high,summit_lake_pg_lng,Summit Lake PG LNG,proposed,export,8.6194665,7.708438349999999,0.91102815,30.5714144295302,29.8,2030,35,Asset Register:project_life_years + fid_delay_mid=5y (delay moves the life later; operating years kept),True,False
2047,howarth_high,summit_lake_pg_lng,Summit Lake PG LNG,proposed,export,8.6194665,7.708438349999999,0.91102815,30.5714144295302,29.8,2030,35,Asset Register:project_life_years + fid_delay_mid=5y (delay moves the life later; operating years kept),True,False
2048,howarth_high,summit_lake_pg_lng,Summit Lake PG LNG,proposed,export,8.6194665,7.708438349999999,0.91102815,30.5714144295302,29.8,2030,35,Asset Register:project_life_years + fid_delay_mid=5y (delay moves the life later; operating years kept),True,False
2049,howarth_high,summit_lake_pg_lng,Summit Lake PG LNG,proposed,export,8.6194665,7.708438349999999,0.91102815,30.5714144295302,29.8,2030,35,Asset Register:project_life_years + fid_delay_mid=5y (delay moves the life later; operating years kept),True,False
2050,howarth_high,summit_lake_pg_lng,Summit Lake PG LNG,proposed,export,8.6194665,7.708438349999999,0.91102815,30.5714144295302,29.8,2030,35,Asset Register:project_life_years + fid_delay_mid=5y (delay moves the life later; operating years kept),True,False
2051,howarth_high,summit_lake_pg_lng,Summit Lake PG LNG,proposed,export,8.6194665,7.708438349999999,0.91102815,30.5714144295302,29.8,2030,35,Asset Register:project_life_years + fid_delay_mid=5y (delay moves the life later; operating years kept),True,False
2052,howarth_high,summit_lake_pg_lng,Summit Lake PG LNG,proposed,export,8.6194665,7.708438349999999,0.91102815,30.5714144295302,29.8,2030,35,Asset Register:project_life_years + fid_delay_mid=5y (delay moves the life later; operating years kept),True,False
2053,howarth_high,summit_lake_pg_lng,Summit Lake PG LNG,proposed,export,8.6194665,7.708438349999999,0.91102815,30.5714144295302,29.8,2030,35,Asset Register:project_life_years + fid_delay_mid=5y (delay moves the life later; operating years kept),True,False
2054,howarth_high,summit_lake_pg_lng,Summit Lake PG LNG,proposed,export,8.6194665,7.708438349999999,0.91102815,30.5714144295302,29.8,2030,35,Asset Register:project_life_years + fid_delay_mid=5y (delay moves the life later; operating years kept),True,False
2055,howarth_high,summit_lake_pg_lng,Summit Lake PG LNG,proposed,export,8.6194665,7.708438349999999,0.91102815,30.5714144295302,29.8,2030,35,Asset Register:project_life_years + fid_delay_mid=5y (delay moves the life later; operating years kept),True,False
2056,howarth_high,summit_lake_pg_lng,Summit Lake PG LNG,proposed,export,8.6194665,7.708438349999999,0.91102815,30.5714144295302,29.8,2030,35,Asset Register:project_life_years + fid_delay_mid=5y (delay moves the life later; operating years kept),True,False
2057,howarth_high,summit_lake_pg_lng,Summit Lake PG LNG,proposed,export,8.6194665,7.708438349999999,0.91102815,30.5714144295302,29.8,2030,35,Asset Register:project_life_years + fid_delay_mid=5y (delay moves the life later; operating years kept),True,False
2058,howarth_high,summit_lake_pg_lng,Summit Lake PG LNG,proposed,export,8.6194665,7.708438349999999,0.91102815,30.5714144295302,29.8,2030,35,Asset Register:project_life_years + fid_delay_mid=5y (delay moves the life later; operating years kept),True,False
2059,howarth_high,summit_lake_pg_lng,Summit Lake PG LNG,proposed,export,8.6194665,7.708438349999999,0.91102815,30.5714144295302,29.8,2030,35,Asset Register:project_life_years + fid_delay_mid=5y (delay moves the life later; operating years kept),True,False
2060,howarth_high,summit_lake_pg_lng,Summit Lake PG LNG,proposed,export,8.6194665,7.708438349999999,0.91102815,30.5714144295302,29.8,2030,35,Asset Register:project_life_years + fid_delay_mid=5y (delay moves the life later; operating years kept),True,False
2061,howarth_high,summit_lake_pg_lng,Summit Lake PG LNG,proposed,export,8.6194665,7.708438349999999,0.91102815,30.5714144295302,29.8,2030,35,Asset Register:project_life_years + fid_delay_mid=5y (delay moves the life later; operating years kept),True,False
2062,howarth_high,summit_lake_pg_lng,Summit Lake PG LNG,proposed,export,8.6194665,7.708438349999999,0.91102815,30.5714144295302,29.8,2030,35,Asset Register:project_life_years + fid_delay_mid=5y (delay moves the life later; operating years kept),True,False
2063,howarth_high,summit_lake_pg_lng,Summit Lake PG LNG,proposed,export,8.6194665,7.708438349999999,0.91102815,30.5714144295302,29.8,2030,35,Asset Register:project_life_years + fid_delay_mid=5y (delay moves the life later; operating years kept),True,False
2064,howarth_high,summit_lake_pg_lng,Summit Lake PG LNG,proposed,export,8.6194665,7.708438349999999,0.91102815,30.5714144295302,29.8,2030,35,Asset Register:project_life_years + fid_delay_mid=5y (delay moves the life later; operating years kept),True,False
2035,howarth_high,fermeuse_energy_flng,Fermeuse Energy FLNG Terminal,proposed,export,15.052,13.494666666666665,1.5573333333333335,52.25950782997763,29.8,2030,23,Asset Register:project_life_years + fid_delay_mid=5y (delay moves the life later; operating years kept),True,False
2036,howarth_high,fermeuse_energy_flng,Fermeuse Energy FLNG Terminal,proposed,export,26.341,23.615666666666666,2.7253333333333334,91.45413870246084,29.8,2030,23,Asset Register:project_life_years + fid_delay_mid=5y (delay moves the life later; operating years kept),True,False
2037,howarth_high,fermeuse_energy_flng,Fermeuse Energy FLNG Terminal,proposed,export,31.57157,28.305063333333333,3.2665066666666673,109.6143176733781,29.8,2030,23,Asset Register:project_life_years + fid_delay_mid=5y (delay moves the life later; operating years kept),True,False
2038,howarth_high,fermeuse_energy_flng,Fermeuse Energy FLNG Terminal,proposed,export,31.57157,28.305063333333333,3.2665066666666673,109.6143176733781,29.8,2030,23,Asset Register:project_life_years + fid_delay_mid=5y (delay moves the life later; operating years kept),True,False
2039,howarth_high,fermeuse_energy_flng,Fermeuse Energy FLNG Terminal,proposed,export,31.57157,28.305063333333333,3.2665066666666673,109.6143176733781,29.8,2030,23,Asset Register:project_life_years + fid_delay_mid=5y (delay moves the life later; operating years kept),True,False
2040,howarth_high,fermeuse_energy_flng,Fermeuse Energy FLNG Terminal,proposed,export,31.57157,28.305063333333333,3.2665066666666673,109.6143176733781,29.8,2030,23,Asset Register:project_life_years + fid_delay_mid=5y (delay moves the life later; operating years kept),True,False
2041,howarth_high,fermeuse_energy_flng,Fermeuse Energy FLNG Terminal,proposed,export,31.57157,28.305063333333333,3.2665066666666673,109.6143176733781,29.8,2030,23,Asset Register:project_life_years + fid_delay_mid=5y (delay moves the life later; operating years kept),True,False
2042,howarth_high,fermeuse_energy_flng,Fermeuse Energy FLNG Terminal,proposed,export,31.57157,28.305063333333333,3.2665066666666673,109.6143176733781,29.8,2030,23,Asset Register:project_life_years + fid_delay_mid=5y (delay moves the life later; operating years kept),True,False
2043,howarth_high,fermeuse_energy_flng,Fermeuse Energy FLNG Terminal,proposed,export,31.57157,28.305063333333333,3.2665066666666673,109.6143176733781,29.8,2030,23,Asset Register:project_life_years + fid_delay_mid=5y (delay moves the life later; operating years kept),True,False
2044,howarth_high,fermeuse_energy_flng,Fermeuse Energy FLNG Terminal,proposed,export,31.57157,28.305063333333333,3.2665066666666673,109.6143176733781,29.8,2030,23,Asset Register:project_life_years + fid_delay_mid=5y (delay moves the life later; operating years kept),True,False
2045,howarth_high,fermeuse_energy_flng,Fermeuse Energy FLNG Terminal,proposed,export,31.57157,28.305063333333333,3.2665066666666673,109.6143176733781,29.8,2030,23,Asset Register:project_life_years + fid_delay_mid=5y (delay moves the life later; operating years kept),True,False
2046,howarth_high,fermeuse_energy_flng,Fermeuse Energy FLNG Terminal,proposed,export,31.57157,28.305063333333333,3.2665066666666673,109.6143176733781,29.8,2030,23,Asset Register:project_life_years + fid_delay_mid=5y (delay moves the life later; operating years kept),True,False
2047,howarth_high,fermeuse_energy_flng,Fermeuse Energy FLNG Terminal,proposed,export,31.57157,28.305063333333333,3.2665066666666673,109.6143176733781,29.8,2030,23,Asset Register:project_life_years + fid_delay_mid=5y (delay moves the life later; operating years kept),True,False
2048,howarth_high,fermeuse_energy_flng,Fermeuse Energy FLNG Terminal,proposed,export,31.57157,28.305063333333333,3.2665066666666673,109.6143176733781,29.8,2030,23,Asset Register:project_life_years + fid_delay_mid=5y (delay moves the life later; operating years kept),True,False
2049,howarth_high,fermeuse_energy_flng,Fermeuse Energy FLNG Terminal,proposed,export,31.57157,28.305063333333333,3.2665066666666673,109.6143176733781,29.8,2030,23,Asset Register:project_life_years + fid_delay_mid=5y (delay moves the life later; operating years kept),True,False
2050,howarth_high,fermeuse_energy_flng,Fermeuse Energy FLNG Terminal,proposed,export,31.57157,28.305063333333333,3.2665066666666673,109.6143176733781,29.8,2030,23,Asset Register:project_life_years + fid_delay_mid=5y (delay moves the life later; operating years kept),True,False
2051,howarth_high,fermeuse_energy_flng,Fermeuse Energy FLNG Terminal,proposed,export,31.57157,28.305063333333333,3.2665066666666673,109.6143176733781,29.8,2030,23,Asset Register:project_life_years + fid_delay_mid=5y (delay moves the life later; operating years kept),True,False
2052,howarth_high,fermeuse_energy_flng,Fermeuse Energy FLNG Terminal,proposed,export,31.57157,28.305063333333333,3.2665066666666673,109.6143176733781,29.8,2030,23,Asset Register:project_life_years + fid_delay_mid=5y (delay moves the life later; operating years kept),True,False
2035,howarth_high,kanata_lng,Kanata LNG,proposed,export,18.264,16.333599999999997,1.9304000000000001,64.7785234899329,29.8,2030,40,Parameters:lifecycle_years_default,True,False
2036,howarth_high,kanata_lng,Kanata LNG,proposed,export,31.962,28.5838,3.3782000000000005,113.36241610738257,29.8,2030,40,Parameters:lifecycle_years_default,True,False
2037,howarth_high,kanata_lng,Kanata LNG,proposed,export,38.30873999999999,34.25972599999999,4.049014000000001,135.87295302013425,29.8,2030,40,Parameters:lifecycle_years_default,True,False
2038,howarth_high,kanata_lng,Kanata LNG,proposed,export,38.30873999999999,34.25972599999999,4.049014000000001,135.87295302013425,29.8,2030,40,Parameters:lifecycle_years_default,True,False
2039,howarth_high,kanata_lng,Kanata LNG,proposed,export,38.30873999999999,34.25972599999999,4.049014000000001,135.87295302013425,29.8,2030,40,Parameters:lifecycle_years_default,True,False
2040,howarth_high,kanata_lng,Kanata LNG,proposed,export,38.30873999999999,34.25972599999999,4.049014000000001,135.87295302013425,29.8,2030,40,Parameters:lifecycle_years_default,True,False
2041,howarth_high,kanata_lng,Kanata LNG,proposed,export,38.30873999999999,34.25972599999999,4.049014000000001,135.87295302013425,29.8,2030,40,Parameters:lifecycle_years_default,True,False
2042,howarth_high,kanata_lng,Kanata LNG,proposed,export,38.30873999999999,34.25972599999999,4.049014000000001,135.87295302013425,29.8,2030,40,Parameters:lifecycle_years_default,True,False
2043,howarth_high,kanata_lng,Kanata LNG,proposed,export,38.30873999999999,34.25972599999999,4.049014000000001,135.87295302013425,29.8,2030,40,Parameters:lifecycle_years_default,True,False
2044,howarth_high,kanata_lng,Kanata LNG,proposed,export,38.30873999999999,34.25972599999999,4.049014000000001,135.87295302013425,29.8,2030,40,Parameters:lifecycle_years_default,True,False
2045,howarth_high,kanata_lng,Kanata LNG,proposed,export,38.30873999999999,34.25972599999999,4.049014000000001,135.87295302013425,29.8,2030,40,Parameters:lifecycle_years_default,True,False
2046,howarth_high,kanata_lng,Kanata LNG,proposed,export,38.30873999999999,34.25972599999999,4.049014000000001,135.87295302013425,29.8,2030,40,Parameters:lifecycle_years_default,True,False
2047,howarth_high,kanata_lng,Kanata LNG,proposed,export,38.30873999999999,34.25972599999999,4.049014000000001,135.87295302013425,29.8,2030,40,Parameters:lifecycle_years_default,True,False
2048,howarth_high,kanata_lng,Kanata LNG,proposed,export,38.30873999999999,34.25972599999999,4.049014000000001,135.87295302013425,29.8,2030,40,Parameters:lifecycle_years_default,True,False
2049,howarth_high,kanata_lng,Kanata LNG,proposed,export,38.30873999999999,34.25972599999999,4.049014000000001,135.87295302013425,29.8,2030,40,Parameters:lifecycle_years_default,True,False
2050,howarth_high,kanata_lng,Kanata LNG,proposed,export,38.30873999999999,34.25972599999999,4.049014000000001,135.87295302013425,29.8,2030,40,Parameters:lifecycle_years_default,True,False
2051,howarth_high,kanata_lng,Kanata LNG,proposed,export,38.30873999999999,34.25972599999999,4.049014000000001,135.87295302013425,29.8,2030,40,Parameters:lifecycle_years_default,True,False
2052,howarth_high,kanata_lng,Kanata LNG,proposed,export,38.30873999999999,34.25972599999999,4.049014000000001,135.87295302013425,29.8,2030,40,Parameters:lifecycle_years_default,True,False
2053,howarth_high,kanata_lng,Kanata LNG,proposed,export,38.30873999999999,34.25972599999999,4.049014000000001,135.87295302013425,29.8,2030,40,Parameters:lifecycle_years_default,True,False
2054,howarth_high,kanata_lng,Kanata LNG,proposed,export,38.30873999999999,34.25972599999999,4.049014000000001,135.87295302013425,29.8,2030,40,Parameters:lifecycle_years_default,True,False
2055,howarth_high,kanata_lng,Kanata LNG,proposed,export,38.30873999999999,34.25972599999999,4.049014000000001,135.87295302013425,29.8,2030,40,Parameters:lifecycle_years_default,True,False
2056,howarth_high,kanata_lng,Kanata LNG,proposed,export,38.30873999999999,34.25972599999999,4.049014000000001,135.87295302013425,29.8,2030,40,Parameters:lifecycle_years_default,True,False
2057,howarth_high,kanata_lng,Kanata LNG,proposed,export,38.30873999999999,34.25972599999999,4.049014000000001,135.87295302013425,29.8,2030,40,Parameters:lifecycle_years_default,True,False
2058,howarth_high,kanata_lng,Kanata LNG,proposed,export,38.30873999999999,34.25972599999999,4.049014000000001,135.87295302013425,29.8,2030,40,Parameters:lifecycle_years_default,True,False
2059,howarth_high,kanata_lng,Kanata LNG,proposed,export,38.30873999999999,34.25972599999999,4.049014000000001,135.87295302013425,29.8,2030,40,Parameters:lifecycle_years_default,True,False
2060,howarth_high,kanata_lng,Kanata LNG,proposed,export,38.30873999999999,34.25972599999999,4.049014000000001,135.87295302013425,29.8,2030,40,Parameters:lifecycle_years_default,True,False
2061,howarth_high,kanata_lng,Kanata LNG,proposed,export,38.30873999999999,34.25972599999999,4.049014000000001,135.87295302013425,29.8,2030,40,Parameters:lifecycle_years_default,True,False
2062,howarth_high,kanata_lng,Kanata LNG,proposed,export,38.30873999999999,34.25972599999999,4.049014000000001,135.87295302013425,29.8,2030,40,Parameters:lifecycle_years_default,True,False
2063,howarth_high,kanata_lng,Kanata LNG,proposed,export,38.30873999999999,34.25972599999999,4.049014000000001,135.87295302013425,29.8,2030,40,Parameters:lifecycle_years_default,True,False
2064,howarth_high,kanata_lng,Kanata LNG,proposed,export,38.30873999999999,34.25972599999999,4.049014000000001,135.87295302013425,29.8,2030,40,Parameters:lifecycle_years_default,True,False
2065,howarth_high,kanata_lng,Kanata LNG,proposed,export,38.30873999999999,34.25972599999999,4.049014000000001,135.87295302013425,29.8,2030,40,Parameters:lifecycle_years_default,True,False
2066,howarth_high,kanata_lng,Kanata LNG,proposed,export,38.30873999999999,34.25972599999999,4.049014000000001,135.87295302013425,29.8,2030,40,Parameters:lifecycle_years_default,True,False
2067,howarth_high,kanata_lng,Kanata LNG,proposed,export,38.30873999999999,34.25972599999999,4.049014000000001,135.87295302013425,29.8,2030,40,Parameters:lifecycle_years_default,True,False
2068,howarth_high,kanata_lng,Kanata LNG,proposed,export,38.30873999999999,34.25972599999999,4.049014000000001,135.87295302013425,29.8,2030,40,Parameters:lifecycle_years_default,True,False
2069,howarth_high,kanata_lng,Kanata LNG,proposed,export,38.30873999999999,34.25972599999999,4.049014000000001,135.87295302013425,29.8,2030,40,Parameters:lifecycle_years_default,True,False
